"Date_CET";"P2.1";"P3.2";"P7.2";"P6.2";"P6.1";"P4.1"
2018-09-05;436.775103253595;436.41719551438;436.514574305052;436.595927297805;436.630800398097;NA
2018-09-06;436.77518405055;436.417273596253;436.514649816141;436.595985551073;436.630861672507;436.288917286733
2018-09-07;436.775345997162;436.417435348335;436.514793628788;436.5961262909;436.631007239365;436.28900957938
2018-09-08;436.775450564371;436.417543312812;436.514907315051;436.596214592237;436.631101963053;436.289180540303
2018-09-09;436.775542844241;436.417641410848;436.515009548283;436.596319470832;436.631209492205;436.289267400898
2018-09-10;436.775632147518;436.417731071823;436.515089528754;436.596389712768;436.63128385587;436.289372834866
2018-09-11;436.77569627476;436.417797973606;436.515157843156;436.596435192216;436.631334692644;436.289441187233
2018-09-12;436.775720853868;436.41782363606;436.515195900901;436.596472920589;436.631373815542;436.289477295192
2018-09-13;436.775751275573;436.417854361722;436.515230420258;436.596500110158;436.631404530832;436.289510592033
2018-09-14;436.775823164137;436.417926409565;436.51527864479;436.596558857202;436.631463873689;436.289570052568
2018-09-15;436.77591148144;436.418014041536;NA;NA;NA;436.28961067684
2018-09-16;NA;NA;436.515394073571;NA;NA;NA
2018-09-19;NA;NA;436.515488260512;436.596778684974;436.631691135234;NA
2018-09-20;NA;NA;436.515491066812;436.5967771768;436.631688628093;NA
2018-09-21;NA;NA;436.515491908543;436.596775817862;436.631688054827;NA
2018-09-22;NA;NA;436.515495998483;436.596789139917;436.63170174804;NA
2018-09-23;NA;NA;436.515518508811;436.596794119121;436.631707094049;NA
2018-09-24;NA;NA;436.515528807381;436.596785664252;436.631698714679;436.289819915251
2018-09-25;NA;NA;436.515504766428;436.596798533209;436.631713204708;436.289790133779
2018-09-26;436.776123568352;436.418225898507;436.515526143072;436.596793989738;436.63170709909;436.289817013046
2018-09-27;436.776103074032;436.418204974793;436.515528571648;436.596794819127;436.631709644249;436.289807539709
2018-09-28;436.776113923446;436.418215715837;436.515512240566;436.596788347044;436.631702917811;436.289794095395
2018-09-29;436.776061780041;436.418163800655;436.515483404278;436.596736162685;436.631654186015;436.289764647178
2018-09-30;436.776086543857;436.418188312886;436.51550185875;436.596757921181;436.631671152691;436.289809703635
2018-10-01;436.776065185883;436.418167523785;436.515521213805;436.596774656096;436.631687451256;436.289810977862
2018-10-03;NA;NA;436.515520906114;436.596803869383;436.631719472187;NA
2018-10-04;436.776062269493;436.418165113328;436.515507911305;436.596762048653;436.631676702309;436.289806307008
2018-10-05;436.776060351564;436.418162114349;436.515513938302;436.596761912784;436.631675770498;436.289798878776
2018-10-06;436.776052455885;436.418154698385;436.515501776066;436.596753597897;436.631666244023;436.289794922276
2018-10-07;436.776059466808;436.418161541724;436.515505326933;436.596757395936;436.631669290362;436.289798315181
2018-10-08;436.776056129731;436.418159066939;436.515501478333;436.596749686719;436.631662760523;436.289799391386
2018-10-09;436.776062369619;436.41816470756;436.515481842509;436.596730930021;436.631649060208;436.289775429214
2018-10-10;NA;NA;436.515447382003;436.596697712191;436.631611962842;NA
2018-10-11;NA;NA;436.515442595129;436.596691937954;436.631608366621;NA
2018-10-12;NA;NA;436.515403116623;436.596654848593;436.63157099892;NA
2018-10-13;NA;NA;436.515361714489;436.596624411496;436.631540453102;436.289652549078
2018-10-14;NA;NA;436.515296831494;436.596559884381;436.631473916339;436.289601617751
2018-10-15;NA;NA;436.515250066588;436.596509936722;436.63142203501;NA
2018-10-16;NA;NA;436.515210813226;436.596475515091;436.631389904787;NA
2018-10-17;NA;NA;436.515147097238;436.596413577311;436.631326897729;NA
2018-10-18;NA;NA;436.515087858393;436.596352381894;436.631264360699;NA
2018-10-19;NA;NA;436.51503415573;436.596299721899;436.631211562754;NA
2018-10-20;NA;NA;436.515060208657;436.596313119165;436.631219845839;NA
2018-10-21;NA;NA;436.515137692667;436.596372585152;436.631282406178;NA
2018-10-22;436.775725054879;436.417831601402;436.515178753733;436.596417838607;436.631329390802;436.289474266976
2018-10-23;436.775725023089;436.417831039661;436.515158852363;436.59638067657;436.631297271785;436.289443681849
2018-10-24;436.7756448381;436.417749385489;436.515073916021;436.596308863881;436.631224030261;436.289348995191
2018-10-25;436.775580204529;436.417684917013;436.515016966636;436.596262478805;436.631175068002;436.289288412914
2018-10-26;436.775532348077;436.417638825758;436.514983212874;436.596223057101;436.631134869145;NA
2018-10-27;436.775517500809;436.41762195832;436.514956925696;436.596187019706;436.631097803413;436.289225470157
2018-10-28;436.775527984118;436.417632435091;436.515000227412;436.596221849658;436.631128966767;436.289254350741
2018-10-29;436.775542612371;436.417646801833;436.514994021204;436.596217984203;436.631127070815;436.289263431699
2018-10-30;436.775600854532;436.41770656169;436.515051610055;436.5962646646;436.631172798035;436.28932578238
2018-10-31;436.775655043278;436.417758522926;436.515096083213;436.596298990497;436.631208299681;436.289356266351
2018-11-01;436.775688886728;436.417793648245;436.515143667386;436.596350589958;436.631261489632;436.289416900422
2018-11-02;436.775731030806;436.417836527822;436.515192407398;436.596389314551;436.631300321632;436.289457740662
2018-11-21;NA;NA;436.51543143632;436.596593472659;436.631506532599;NA
2018-11-22;NA;NA;436.515379688729;436.596539695443;436.631456355648;NA
2018-11-23;NA;NA;436.515213658024;436.596404023269;436.631321988042;NA
2018-11-24;NA;NA;436.515039489036;436.596252247388;436.631162496857;NA
2018-11-25;NA;NA;436.514970687214;436.5961656489;436.631072783316;NA
2018-11-26;436.775410857693;436.41751491173;436.514880546121;436.596102794042;436.631008647825;436.289117188396
2018-11-27;436.77535163331;436.417455049137;436.514808611075;436.59602672905;436.63093355196;436.28906299358
2018-11-28;436.775288996057;436.417392114961;436.514744768;436.595972597304;436.630877916527;436.288982748564
2018-11-29;436.775205572669;436.417307726509;436.514679091764;436.595895818239;436.630799559059;436.288918050538
2018-11-30;436.775162343172;436.417264003337;436.514611499589;436.595840003223;436.630743352945;436.288862659131
2018-12-01;436.775110457822;436.417211590879;436.514554708189;436.595785199651;436.630687226218;436.288803847249
2018-12-02;436.775065590764;436.417165713735;436.514516980917;436.595760956721;436.63065642353;436.28878113785
2018-12-03;436.775183165959;436.41728086124;436.514631279057;436.595858542695;436.63074881198;436.288900992625
2018-12-04;436.775317337276;436.417415601887;436.514797336888;436.596010231957;436.630900305109;436.289038138625
2018-12-05;436.775443521621;436.417542884032;436.514901988128;436.596104507642;436.630998298604;436.289163602454
2018-12-06;436.775491906961;436.417590931588;436.514940057347;436.596162349695;436.631057027446;436.289201237925
2018-12-07;436.775523580932;436.417621487601;436.514966408479;436.596198938054;436.631092057806;436.289234796281
2018-12-08;436.775562797725;436.41766118492;436.515014367667;436.59624334508;436.631135661692;436.289262996937
2018-12-09;436.775612590991;436.417708575556;436.515057405785;436.596298272881;436.631187649761;436.289307376699
2018-12-10;436.775707940603;436.417804308519;436.515147938326;436.596385447462;436.631272742063;436.289409504202
2018-12-11;436.775800176604;436.417895287486;436.51525956252;436.596489078289;436.631377604055;436.289507046319
2018-12-12;436.77588880346;436.417983496817;436.515343481813;436.596565131441;436.631453645335;436.289572355884
2018-12-13;436.775954164782;436.418049234061;NA;NA;NA;NA
2018-12-14;NA;NA;436.515441953952;436.596686145502;436.631578160371;NA
2018-12-15;436.77599737942;436.418092579453;436.515456974471;436.596693917272;436.631584179202;436.289667701038
2018-12-16;436.776021013446;436.418112585019;436.515459685129;436.596714563773;436.631603300418;436.289687765444
2018-12-17;436.776034193584;436.418127216541;436.515471460653;436.596730517324;436.631621355395;436.289707777548
2018-12-18;NA;NA;436.515496766996;436.596750529428;436.631640171087;NA
2018-12-19;NA;NA;436.515497874145;436.596752550532;436.631642982327;NA
2018-12-20;NA;NA;436.515517565804;436.596773045496;436.631661170394;NA
2018-12-21;436.776106478401;436.418195328629;436.515543632568;436.596812039813;436.63170018394;436.289791215795
2018-12-22;436.776242195432;436.418328653538;436.515659484308;436.596923494451;436.631803652613;436.289925942822
2018-12-23;436.776390209302;436.41847731885;436.515838963101;436.597089139977;436.631970548954;436.290078428057
2018-12-24;436.776566263186;436.41865338254;436.516024056506;436.597284853022;436.63216610365;436.290280677955
2018-12-25;436.776780048156;436.418866520271;436.516240048549;436.597494164429;436.632377622995;436.290483148503
2018-12-26;436.776955979457;436.419043096009;436.516409650947;436.597667181754;436.632551211207;436.290626104943
2018-12-27;436.777103324374;436.419189747455;436.516576984276;436.597844054804;436.632729978654;436.290758331274
2018-12-28;436.777252205665;436.41933897198;436.516697271491;436.597977260198;436.632870619154;436.290903927337
2018-12-29;436.777342841993;436.419429578888;436.516814157625;436.598104978162;436.632999601599;436.291032128272
2018-12-30;436.777438989659;436.419526605883;436.516897054872;436.598178302292;436.633074805145;436.29111057797
2018-12-31;436.777524667091;436.419611041139;436.516957852536;436.598243822892;436.633142212083;NA
2019-01-01;NA;NA;436.517006924843;436.598300105572;436.633202282581;NA
2019-01-02;NA;NA;436.51704843577;436.598353291089;436.633257737772;NA
2019-01-03;NA;NA;436.51708303472;436.598374504515;436.633279083433;NA
2019-01-04;436.777566835686;436.419658799525;436.517073794933;436.598362177423;436.633264421382;436.29126530239
2019-01-05;436.777604787421;436.419693711199;436.51704269956;436.598332140091;436.633235891971;NA
2019-01-06;436.777543267037;436.419635427009;436.516986739955;436.598295348875;436.633201311817;436.291213778251
2019-01-07;436.777441523043;436.419533159994;436.516924150646;436.59822749388;436.63313478007;436.291136786242
2019-01-08;436.777392579688;436.419483366729;436.51688659608;436.598173016067;436.633080557077;436.291098176643
2019-01-09;436.777342214368;436.419432237307;436.516850168461;436.598124703421;436.633032437532;436.291046162136
2019-01-10;436.777307743993;436.419398844847;436.516821386761;436.598093811656;436.633001438712;436.291007230589
2019-01-13;NA;NA;436.516588974759;436.597866024424;436.632768973708;436.290820178546
2019-01-14;NA;NA;436.516641951684;436.597923950672;436.632825857181;NA
2019-01-15;NA;NA;436.516676670543;436.597943007794;436.632845662878;NA
2019-01-16;NA;NA;436.516719296073;436.597989106054;436.632891560102;NA
2019-01-17;436.777265063273;436.419351786002;436.516729634517;436.598029932364;436.632933886829;436.290945556567
2019-01-18;436.777276260189;436.419363534666;436.516755608422;436.59804438614;436.632949326173;436.290956915936
2019-01-19;436.777290492134;436.419377666405;436.516776527578;436.598042046982;436.632948992475;436.290972270773
2019-01-20;436.777255482721;436.419342788401;436.5167602946;436.598037459843;436.632945256414;436.290955424508
2019-01-21;436.777227447143;436.419314973473;436.516722901155;436.598003134467;436.632911992257;436.29092612469
2019-01-22;NA;NA;436.516718755265;436.597998471405;436.632908064694;NA
2019-01-23;NA;NA;436.516707420412;436.597890083406;436.632799076037;NA
2019-01-24;NA;NA;436.516639844421;436.597923712043;436.632835362004;436.290828612265
2019-01-25;NA;NA;436.51658553029;436.597875920969;436.63278797954;NA
2019-01-26;NA;NA;436.516517259253;436.597793016926;436.63270536769;436.290707205938
2019-01-27;436.777043977797;436.419128521271;436.516472399959;436.597763160838;436.632673029939;436.290682395114
2019-01-28;NA;NA;436.516449011099;436.597747440778;436.632658925116;NA
2019-01-29;NA;NA;436.516409747724;436.597672521433;436.632583895783;NA
2019-01-30;436.776907175029;436.41899096666;436.516381797329;436.597665227428;436.632577142792;436.290576973627
2019-01-31;436.776819013246;436.418901660767;436.516346920267;436.597589648511;436.632501380875;436.290545543313
2019-02-01;436.776809315559;436.418890982415;436.516304620436;436.597628194094;436.632537811899;436.290521892942
2019-02-02;436.776811429436;436.418892076401;436.516344493897;436.597594745634;436.632502682299;436.290548877574
2019-02-03;436.776983830343;436.419063928136;436.5163927054;436.597677167833;436.632585031757;436.290605674422
2019-02-04;436.777026371591;436.419106606677;436.516498677066;436.597764966153;436.632674017847;436.290709755667
2019-02-05;436.777089624484;436.419175920079;436.516586059849;436.597832585791;436.632743895243;436.290771831762
2019-02-06;436.777203728125;436.419296683526;436.516664355209;436.597922743421;436.632836725186;436.290887256032
2019-02-07;436.777245684243;436.419338628747;436.516734117382;436.597986025677;436.632900870426;436.290931778223
2019-02-08;436.777286342614;436.419379669577;436.516797778116;436.598038523943;436.632954891992;436.290994177937
2019-02-09;436.777310882121;436.419403385326;436.516843651125;436.598111345946;436.633027270653;NA
2019-02-10;436.777436407241;436.419528959479;436.516904795588;436.59812938201;436.633045210694;436.291156056309
2019-02-11;436.777545679473;436.419638094418;436.516989509661;436.598262550188;436.63317902039;436.291190994728
2019-02-12;436.777625119876;436.4197191758;436.517056406397;436.598338161503;436.633255655274;436.291258928067
2019-02-13;436.777613417273;436.419708126974;436.517127962253;436.598410666697;436.633328543881;436.291308974671
2019-02-14;436.777753799468;436.419848313036;436.51718086913;436.59846973324;436.633387631126;436.291405243286
2019-02-15;436.777827888709;436.419923088743;436.517248663727;436.598537319582;436.633454880774;436.291414265403
2019-02-16;436.777876088394;436.419971697038;436.517313137612;436.598598582347;436.633516206581;436.29151446485
2019-02-17;436.777956650023;436.42005226684;436.517375351344;436.598667919787;436.633586185509;436.291562541952
2019-02-18;436.777966971523;436.42006366707;436.517443771407;436.598733891702;436.633654326242;436.291615380182
2019-02-19;436.778035789689;436.420132951052;436.517489404726;436.598781700521;436.633703618668;436.291695304379
2019-02-20;436.778078187106;436.420177881854;436.517513442985;436.598817022158;436.633740547341;436.291707876504
2019-02-21;436.77810355364;436.420202087935;436.51752520863;436.598833605719;436.633758333507;436.291738473253
2019-02-22;436.778064081874;436.420163743933;436.517516219785;436.598831235779;436.633756846596;436.291710458922
2019-02-23;436.778091818349;436.420191415031;436.517516926681;436.598837364935;436.633764365027;436.291717805738
2019-02-24;436.77810610337;436.420197625909;436.517531571278;436.598830868772;436.633760086505;436.291739159718
2019-02-25;436.778061483112;436.420154574716;436.517523764776;436.598817612707;436.633749156547;436.291729156935
2019-02-26;NA;NA;436.517513484295;436.598794436324;436.633727541056;NA
2019-03-04;436.777942430381;436.420037434281;436.517354466448;436.598662773876;436.633597388832;436.291570436305
2019-03-05;436.777900997285;436.419995118587;436.517335655563;436.598626082295;436.63356141804;436.291558741875
2019-03-06;NA;NA;436.517322041986;436.598605699173;436.633541445932;NA
2019-03-07;436.777849561405;436.419944565306;436.517312341282;436.598606147477;436.633541843966;436.29151228287
2019-03-08;436.777806796239;436.419901661212;436.517245783705;436.598547013377;436.633484706221;436.291465073657
2019-03-09;436.777782091653;436.419877994497;436.51721760593;436.598513080812;436.633450544055;436.291432383189
2019-03-10;436.777785205265;436.419879400117;436.517220187667;436.598515238956;436.633450813738;436.291439314389
2019-03-11;436.777837303093;436.419932937421;436.517268768441;436.59855729635;436.633494487187;436.291473958482
2019-03-12;436.777802224706;436.419896581368;436.517264154334;436.598532212753;436.633470613076;436.291469172837
2019-03-13;436.777814502632;436.419910103103;436.517258168758;436.598547207954;436.63348551021;436.291470631848
2019-03-14;436.777824238456;436.419919384008;436.517279559986;436.598562629592;436.633496678214;436.291478400895
2019-03-15;436.778066560777;436.420153828321;436.517492640921;436.598745906249;436.633668076566;436.291644441488
2019-03-16;436.778397711112;436.420487307345;436.517851610044;436.59913548458;436.634059257908;436.292041041094
2019-03-17;436.778751596686;436.420846247547;436.518254256005;436.599472901232;436.634412870619;436.292440825525
2019-03-18;NA;NA;436.518492956871;436.599764176568;436.634714130907;NA
2019-03-19;NA;NA;436.518764417552;436.599985915113;436.634938128803;NA
2019-03-20;436.779445985959;436.421544951746;436.518925521198;436.600189312676;436.635139891075;436.293105898519
2019-03-21;436.779653995902;436.421753053218;436.519109775076;436.600405433968;436.635354774835;436.293252656787
2019-03-22;436.779757543229;436.421855587191;436.519245250677;436.600534286499;436.635484437496;436.293423353789
2019-03-23;436.779901294709;436.422000809668;436.519355015693;436.600658489557;436.635609371071;436.293594126792
2019-03-24;436.780018712149;436.42211697899;436.519455560824;436.600756127536;436.635707093447;436.293623196972
2019-03-25;436.780097637851;436.422196191759;436.519538790952;436.600840972493;436.6357930313;436.293722456614
2019-03-26;436.780156154132;436.422256130004;436.519576614111;436.600910654189;436.6358657013;436.293781884913
2019-03-27;436.780172021292;436.422272038842;436.519605401155;436.600906731529;436.635864141666;436.293795439883
2019-03-28;436.780177884267;436.422278505977;436.519591990047;436.600903682552;436.635866733227;436.293786608449
2019-03-29;436.780154012079;436.422255432331;436.519575377719;436.600880413577;436.635845555086;436.29376614524
2019-03-30;436.780119545908;436.422220512251;436.519553787115;436.60084822712;436.63581233635;436.293778370863
2019-03-31;NA;NA;436.519527355308;436.600825643609;436.635790378056;NA
2019-04-01;NA;NA;436.519485393743;436.600781958252;436.635747397688;NA
2019-04-02;NA;NA;436.519433585347;436.600739539043;436.635706166173;NA
2019-04-03;NA;NA;436.519400414353;436.600691911413;436.635658227999;NA
2019-04-04;436.780042622545;436.422144098835;436.519457085213;436.600754851037;436.635717718952;NA
2019-04-05;436.780099991447;436.422202644535;436.519497667904;436.600788441537;436.635751837922;436.29368536296
2019-04-06;436.780148671658;436.422250893253;436.519555853433;436.600834213687;436.635798564274;NA
2019-04-07;436.780177017235;436.422278635176;436.519586886835;436.600867995261;436.635834788721;436.293792786639
2019-04-08;436.780203868388;436.422307330524;436.519602623928;436.60088400812;436.63585443416;436.293838155471
2019-04-09;436.780200877359;436.422304535628;436.519613255433;436.600894678265;436.635866367707;436.293841582895
2019-04-10;436.78021172188;436.422317186207;436.519617643909;436.600900967398;436.635874884138;436.293797608242
2019-04-11;436.780192026858;436.42229762194;436.519572388846;436.60087561176;436.63585061268;436.293784415029
2019-04-12;436.78015147636;436.422257757908;436.519571198578;436.600865536055;436.635843057368;436.293760228561
2019-04-13;436.780126910702;436.422233502794;436.519535565654;436.600820329494;436.635798964323;436.293748954182
2019-04-14;436.780070865697;436.422176583363;436.51950458125;436.600787995628;436.635766995482;436.293697216749
2019-04-15;436.780025304001;436.422132605441;436.519448562648;436.600741202282;436.635720622421;436.293627454692
2019-04-16;436.779977342945;436.422080584431;436.519420217657;436.600716244357;436.635691678794;436.293602165793
2019-04-17;436.78012817576;436.422233731616;436.519527464912;436.60079180336;436.635764111617;436.293902604774
2019-04-18;436.780188545497;436.422298133287;436.519620248801;436.600882059632;436.635858763095;436.293798188469
2019-04-19;436.780253759719;436.422363767794;436.519655528224;436.600908046774;436.635887865772;436.293867349868
2019-04-20;436.780246895064;436.422353912111;436.519694346214;436.600931798416;436.635912405471;436.293927175881
2019-04-21;436.780313939862;436.422420973253;436.519727193043;436.600958562943;436.635939360683;436.293972893938
2019-04-22;436.780373364075;436.422480564996;436.519771040754;436.600983836315;436.635965330735;436.294014106385
2019-04-23;436.780412774549;436.42252121356;436.519793219719;436.601025729098;436.636009068394;436.294043288173
2019-04-24;436.780344340477;436.422454054352;436.519780195262;436.601014691208;436.635999857715;436.293933234211
2019-04-25;NA;NA;436.519757702621;436.600977459268;436.635962462971;436.293877769433
2019-04-26;NA;NA;436.519756016967;436.600977088795;436.635959733453;NA
2019-04-27;NA;NA;436.519778117118;436.600993752644;436.63597745969;NA
2019-04-28;436.780366487161;436.422475939526;436.519790398505;436.601013918213;436.635997496547;436.294014351551
2019-04-29;436.780365065197;436.422475308632;436.519779004844;436.600998394863;436.635982413415;436.293999018153
2019-04-30;436.780303013619;436.422411893929;436.519746057613;436.600973526353;436.635956437329;436.293947168994
2019-05-01;436.780419394038;436.42251518247;436.519729548818;436.600980529839;436.635957182635;436.293979979243
2019-05-02;436.780730970922;436.422834898874;436.520106887462;436.601297722664;436.636244080383;436.294464918086
2019-05-03;436.780876481994;436.42298827488;436.520274434821;436.601470208562;436.636449417625;436.294519565643
2019-05-04;436.780879620122;436.422991840142;436.520298151869;436.601480466318;436.636466428894;436.294525474149
2019-05-05;436.780910633653;436.423024098572;436.520353794393;436.601538260176;436.636523982488;436.294566038657
2019-05-06;436.780934586396;436.423047732599;436.52038277713;436.601553702036;436.636541909819;436.294606231912
2019-05-07;436.780993657452;436.423107476112;436.52040074588;436.601565262086;436.636555329445;436.294588285742
2019-05-08;436.781007133318;436.423119494989;436.520440478641;436.601611241265;436.636594274921;436.294682898122
2019-05-09;436.781194595711;436.423306340964;436.520673932482;436.601814809489;436.63678969055;436.294882300006
2019-05-10;436.781350476616;436.423467280699;436.520755191474;436.60191397255;436.636900417286;436.295008892961
2019-05-11;436.78138509409;436.423502614059;436.520813542717;436.60198603304;436.636976402479;436.295058253099
2019-05-12;436.781387915136;436.423507010707;436.520815444776;436.601993559644;436.636989144995;436.295047825362
2019-05-13;436.781403871373;436.423519076973;436.520850976689;436.601998280321;436.63699140175;436.295083501954
2019-05-14;436.781762831538;436.423874065444;436.521198408468;436.602349375552;436.637314560288;436.295422635524
2019-05-15;436.782110256631;436.42422771776;436.521556558223;436.602691532022;436.637662804236;436.295811052414
2019-05-16;436.782439743727;436.424562729268;436.521890921403;436.602995229263;436.637975863558;436.296144742749
2019-05-17;436.782771163549;436.424898872628;436.522207153176;436.603308929286;436.638298441869;436.296440506955
2019-05-18;436.783013659238;436.425146782988;436.522418689155;436.603490791976;436.638486079041;436.296699167155
2019-05-19;436.783136032221;436.425268399458;436.522628626649;436.603741785011;436.638742114328;436.296826751672
2019-05-20;NA;NA;436.522845747366;436.603909340541;436.638915201701;NA
2019-05-21;436.782956668592;436.425099627011;436.522488975867;436.603629989201;436.638670587075;436.296815670157
2019-05-22;436.782948659828;436.425083140943;436.522371666268;436.603502126829;436.638512426241;436.296618617784
2019-05-23;436.783073825371;436.425207565539;436.522531279303;436.603652507721;436.638658819095;436.296775005248
2019-05-24;436.783161039178;436.425296544543;436.522676303312;436.603814060021;436.638819501055;436.296895398222
2019-05-25;436.783407205707;436.425544358589;436.522820787956;436.603963601627;436.638965097936;436.297142623868
2019-05-26;436.783503144164;436.425638723079;436.522965419699;436.60408181659;436.639079084832;436.297287232729
2019-05-27;436.783669729727;436.425811413282;436.523141792299;436.604218094001;436.639227445437;436.297384014558
2019-05-28;436.783642545694;436.425784425381;436.523059735155;436.604182320743;436.639192869991;436.297345719589
2019-05-29;436.783728353881;436.42586761029;436.523185529958;436.604289162794;436.639294660216;436.297429010737
2019-05-30;NA;NA;436.523295495193;NA;NA;436.297498507197
2019-05-31;436.784017674573;436.426155288367;NA;NA;NA;436.297668995807
2019-06-01;NA;NA;436.523540236488;436.60468869879;436.639690580828;NA
2019-06-02;NA;NA;436.523663358979;436.60475986238;436.639760436864;NA
2019-06-07;436.783975277483;436.426677046277;436.524252971552;436.605122013793;436.640343172524;436.298380557416
2019-06-08;436.783775213324;436.426475781948;436.524040947693;436.604942519409;436.640173010802;436.298169179904
2019-06-09;436.783611638402;436.426305558934;436.523881875658;436.604791746251;436.640016476238;436.298013241911
2019-06-10;436.783619017906;436.42630890954;436.523895989062;436.604811314604;436.640025506528;436.298025937436
2019-06-11;436.783984589387;436.426681844181;436.524253482315;436.605153158079;436.640372416772;436.298399276602
2019-06-12;436.783817504502;436.426516242551;436.524064175952;436.605012735023;436.640251378194;436.298202007665
2019-06-13;436.783762536452;436.426451946991;436.524016520962;436.604977263553;436.640197976899;436.298150498236
2019-06-14;436.783830792512;436.426519862839;436.524091570438;436.605050188254;436.640267861538;436.298218952739
2019-06-15;436.783908015795;436.426592664957;436.524147509204;436.605125674942;436.640336401849;436.298303062593
2019-06-16;436.784197834991;436.426880984553;436.524453174312;436.60540636365;436.640600960572;436.298597007268
2019-06-17;436.78436793933;436.427056603712;436.52462729085;436.605585721238;436.640794033258;436.298764897116
2019-06-18;436.784474816917;436.427162598994;436.524723114612;436.605689940757;436.640901013022;436.298865241328
2019-06-19;436.784556839963;436.427243634611;436.524809597006;436.605783419216;436.640994955172;436.298959455012
2019-06-20;436.784631787426;436.427317482631;436.524873344317;436.605857986531;436.641068202675;436.299031642083
2019-06-21;436.784698197456;436.427382120535;436.52494812411;436.60593273772;436.641142340949;436.299093243301
2019-06-22;436.784768402233;436.427452892037;436.525013187146;436.606004620465;436.64121526565;436.299162462794
2019-06-23;436.784812832931;436.427496930824;436.525058207842;436.60605485503;436.641264776974;436.299202250611
2019-06-24;436.784833101606;436.427517595497;436.525080407646;436.60607661762;436.641287871635;436.29922321499
2019-06-25;436.784830694891;436.427514338872;436.525073710521;436.606075771797;436.64128851724;436.299222013676
2019-06-26;436.784759318823;436.427445210161;436.525004087392;436.606001376098;436.641218117751;436.299154874898
2019-06-27;436.784712986488;436.427397500809;436.524960182203;436.605956224647;436.641170481949;436.29910969893
2019-06-28;436.784660753819;436.427347458291;436.524903429059;436.605894079089;436.641111184405;436.299067755071
2019-06-29;436.784618401349;436.427303222128;436.524862871632;436.605857994703;436.641072207057;436.299015485627
2019-06-30;436.784510269467;436.4271970537;436.524759657755;436.60574975789;436.640968268826;436.298917367429
2019-07-01;436.784472146255;436.42715697112;436.524682697204;436.605686072454;436.640901888896;436.298921697278
2019-07-02;436.784385889763;436.427070763662;NA;NA;NA;436.298842868156
2019-07-03;436.784282732333;436.426968595424;436.524512467769;436.605529782472;436.640745956156;436.298676334895
2019-07-04;436.784191415722;436.426876056712;NA;436.60547967049;436.640696383541;436.298594890666
2019-07-05;436.784119492116;436.426803973748;NA;436.605362579089;436.640577625009;436.298523627524
2019-07-06;436.78412024467;436.426796846872;NA;NA;NA;436.298522577282
2019-07-07;436.784274016318;436.426949071307;NA;NA;NA;436.298674144743
2019-07-08;436.784300453411;436.426976991657;NA;436.605540214296;436.640751214972;436.298705170532
2019-07-09;436.784218192667;436.426895890802;436.524447396561;436.605439446881;436.640650481881;436.298612048218
2019-07-10;436.784158103428;436.426835400898;436.524390828535;436.605390197418;436.640599465819;436.298555582344
2019-07-11;436.784073857762;436.426751644127;436.524314986355;436.60530860574;436.640520043629;436.298476140307
2019-07-12;436.784037839497;436.426714443937;436.524273314779;436.605273014301;436.640484804413;436.298431081238
2019-07-13;436.783926064472;436.426605154579;436.524153555695;436.60516193503;436.640378823783;436.298324627565
2019-07-14;436.783840185104;436.426517728531;436.524078180274;436.605090084975;436.64030403255;436.298233493821
2019-07-15;436.783825594558;436.426501033426;436.524062313115;436.605070798563;436.640277741738;436.298223986819
2019-07-16;436.783755211311;436.426436269143;436.524006493663;436.605010054539;436.640227151682;436.298156507829
2019-07-17;436.783635705555;436.426318834687;436.523874430776;436.604879809968;436.640098173804;436.298042204217
2019-07-18;436.78356415645;436.426243542888;436.523799262804;436.604813165609;436.640025596422;436.297969091555
2019-07-19;436.78349172368;436.42617046629;436.523733317169;436.604742733432;436.639954608534;436.297896456967
2019-07-20;436.783445151838;436.426125402601;436.523672197223;436.60468645069;436.639900275236;436.29785229377
2019-07-21;436.783347011636;436.426030981617;436.523573117369;436.604557395919;436.639774117141;436.297757737817
2019-07-22;436.78325340503;436.42593653505;436.523488337991;436.604468388312;436.639681824306;436.297663122476
2019-07-23;436.783150962846;436.425836899131;436.523395723242;436.604365532898;436.639583259302;436.297570398469
2019-07-24;436.783063714573;436.425748601262;436.523298741337;436.604273866125;436.639491223003;436.297481631231
2019-07-25;436.7829618416;436.425645542786;436.523203124722;436.604178754412;436.639394124377;436.297378004787
2019-07-26;436.78288934594;436.42557258131;436.523126181895;436.60409486918;436.639309693384;436.297319462284
2019-07-27;436.782846846371;436.425527625992;436.523082940141;436.604057783876;436.639265201039;436.297268754442
2019-07-28;436.782872753515;436.425552054677;436.523104983251;436.604082010388;436.639282068477;436.297306080293
2019-07-29;436.782909576242;436.425589955425;436.523149784719;436.604126414082;436.639328449846;436.297329236245
2019-07-30;436.782870102618;436.425549230711;436.523103593265;436.604090672929;436.639293893663;436.297286436258
2019-07-31;436.782863999836;436.425542000907;436.523098195344;436.60408036406;436.639282340389;436.297284673193
2019-08-01;436.782750471518;436.425431148987;436.522982728436;436.603978340596;436.639192793852;436.297159752817
2019-08-02;436.782594627505;436.425272428357;436.522817449609;436.603822495872;436.639038675952;436.297005573802
2019-08-03;436.782458814818;436.425133762681;436.522681502258;436.603699350819;436.638914609216;436.296855906025
2019-08-04;436.782341442009;436.425013661065;436.522562339638;436.603584267924;436.638798658581;436.296741169463
2019-08-05;436.782232907976;436.424903489748;436.522463288865;436.603490542724;436.638703610969;436.296633687336
2019-08-06;436.782160731032;436.424829513497;436.522383426999;436.603405033565;436.638614471864;436.296573642035
2019-08-07;436.782175854947;436.424841879647;436.52239835462;436.603422747941;436.638624225023;436.29658578949
2019-08-08;436.782199084234;436.424867199084;436.52241193683;436.603438598416;436.638642133197;436.296601988157
2019-08-09;436.782127953177;436.424796120109;436.522349352573;436.60338523014;436.638592025682;436.296524131244
2019-08-10;436.78211700454;436.424782839528;436.522335472481;436.603365664323;436.638565786304;436.296527499412
2019-08-11;436.782132821266;436.424799987156;436.522355151869;436.603392382986;436.638593730799;436.296531622875
2019-08-12;436.782102385504;436.424768053852;436.522312770797;436.603348734479;436.63854968111;436.296503343839
2019-08-13;436.782059922709;436.424725074918;436.522278725377;436.603316034462;436.638517299458;436.296455383643
2019-08-14;436.782023217709;436.424687948748;436.52224374132;436.603285178734;436.638487354867;436.296414617399
2019-08-15;436.781993972836;436.424658437365;436.522199821538;436.603247142488;436.63845092547;436.296380750678
2019-08-16;436.781891591685;436.424556772896;436.522088776015;436.603147763531;436.638358064122;436.296287530441
2019-08-17;436.781764906536;436.424427269715;436.521981609566;436.603033896438;436.638243927593;436.296141174218
2019-08-18;436.781669741913;436.424330212737;436.521890885445;436.602955893452;436.638166093995;436.296052506847
2019-08-19;436.781587144337;436.424245864326;436.521799423937;436.60286045246;436.638066257841;436.295978791965
2019-08-20;436.781619261015;436.42427451883;436.521839912813;436.602891566521;436.638086095896;436.296021162119
2019-08-21;436.781772461124;436.424429451447;436.521989011252;436.603031848928;436.638222999311;436.296155051309
2019-08-22;436.781801840104;436.42445879643;436.522014553542;436.603074933416;436.638270674763;436.296181716687
2019-08-23;436.781761874482;436.424417271224;436.521981861737;436.603046515318;436.638243473417;436.29614703493
2019-08-24;436.781737147922;436.424390706735;436.521953721109;436.603021589538;436.63821947382;436.296110554967
2019-08-25;436.781699485482;436.424351673816;436.521917637095;436.60299813645;436.638196042525;436.296080118288
2019-08-26;436.781674065754;436.424325570297;436.521879770053;436.602960186091;436.6381582041;436.296046650494
2019-08-27;436.781595807944;436.424245974473;436.521810549884;436.602902170283;436.638102101704;436.295967803542
2019-08-28;436.781548262036;436.424197518181;436.521768000493;436.602857404969;436.638055812273;436.295924156521
2019-08-29;436.781518949746;436.424167696798;436.521730274263;436.602815717092;436.63801408017;436.295894693545
2019-08-30;436.781480991141;436.424129629467;436.52169607531;436.602782276691;436.63798052522;436.295856424945
2019-08-31;436.781458666675;436.424106961769;436.521671849014;436.602756173101;436.637954645782;436.295834690312
2019-09-01;436.781431067665;436.424079147012;436.521630623195;436.60271900561;436.637917545389;436.29580627613
2019-09-02;436.781368750018;436.424018061906;436.521573741653;436.602670157563;436.637869132114;436.295745979454
2019-09-03;436.781321740034;436.42397137709;436.521523084857;436.602614646797;436.637814007524;436.29567822134
2019-09-04;436.781267242674;436.423916464496;436.521472474916;436.602566460343;436.637766408691;436.29562750625
2019-09-05;436.781181603006;436.423830305849;436.521396157231;436.602489272668;436.637690159653;436.295555505825
2019-09-06;436.781105314724;436.423753228448;436.521322142584;436.602407371857;436.637607395772;436.295472644536
2019-09-07;436.781044250427;436.423691859055;436.521260377581;436.602348901742;436.637548504319;436.295403285456
2019-09-08;436.780979199648;436.423626854975;436.521197147613;436.602283830355;436.637481852822;436.295355936295
2019-09-09;436.780929153512;436.423577031823;436.52113980206;436.602226630345;436.637423267003;436.295291458677
2019-09-10;436.780856667658;436.423504766619;436.521069606774;436.602167873257;436.637365175678;436.295222810321
2019-09-11;436.780757546009;436.423406667663;436.520975432488;436.602069225829;436.637266171475;436.295123319511
2019-09-12;436.780666423551;436.423315436079;436.520887014642;436.601973494246;436.637168660685;436.295039509322
2019-09-13;436.780562738418;436.423212366062;436.520792033151;436.601876609214;436.637073159792;436.294945887815
2019-09-14;436.780419946776;436.423071959482;436.520647667004;436.601736975593;436.636939606294;436.29479107092
2019-09-15;436.780218406746;436.422870840246;436.520447548939;436.60151799092;436.636713761324;436.294590874698
2019-09-16;436.780171965254;436.422818474136;436.520397585171;436.601475817966;436.636661332794;436.294556425667
2019-09-17;436.780120766458;436.422768284563;436.520325478172;436.6014045416;436.636590927585;436.294500461063
2019-09-18;436.780036107252;436.422683378776;436.520251643274;436.601325609211;436.636510143076;436.294421581608
2019-09-19;436.779959964744;436.422607187235;436.520178282599;436.601257192357;436.63644075893;436.294340884609
2019-09-20;436.779877426945;436.42252513364;436.520105122746;436.601181490787;436.636364567028;436.294258137865
2019-09-21;436.779804157506;436.422452485288;436.520023739088;436.6010853337;436.636267590797;436.294173723623
2019-09-22;436.779714520055;436.422363538973;436.519951773111;436.601010197816;436.63619150273;436.294104739444
2019-09-23;436.779671519296;436.422319598643;436.519896450374;436.600962715963;436.636137854586;436.29407605557
2019-09-24;436.779613721702;436.42226134901;436.51985060088;436.600899045567;436.63607563716;436.294003544623
2019-09-25;436.779561935586;436.422210195655;436.519799195646;436.600862413015;436.63603769674;436.293954077429
2019-09-26;436.779491711099;436.42213951586;436.519726274551;436.600780730086;436.635955694826;436.293885373914
2019-09-27;436.779427290918;436.422075550351;436.519666990467;436.600716949777;436.635891696134;436.29382455318
2019-09-28;436.779355238786;436.422003195104;436.519596557569;436.600639228748;436.635813086737;436.29374231508
2019-09-29;436.77930175874;436.421949101771;436.519558041208;436.60059200047;436.635764650458;436.293694209004
2019-09-30;436.779248144967;436.42189545531;436.519486332308;436.600528020025;436.635700372907;436.293657937385
2019-10-01;436.779161666659;436.421808764524;436.519416348294;436.600451707055;436.635623517906;436.293558370929
2019-10-02;436.779128475235;436.421774253288;436.519374690285;436.600415561378;436.635582873428;436.293537724911
2019-10-03;436.779070463748;436.421716464938;436.519328470998;436.600359897638;436.635528018737;436.293471794182
2019-10-04;436.779000032636;436.421646468552;436.519269607703;436.60029709917;436.635465100628;436.293406523126
2019-10-05;436.778931949969;436.421577674903;436.519188489402;436.60022593618;436.635393660927;436.293342922915
2019-10-06;436.778872113592;436.421517722516;436.519145709334;436.600162149369;436.635327773859;436.293287246015
2019-10-07;436.778844996073;436.421491031373;436.51910733036;436.600144382989;436.635307465921;436.293254977695
2019-10-08;436.778811463015;436.421457890759;436.519052865996;436.600085330611;436.635249010115;436.29320701909
2019-10-09;436.778823222823;436.421466361253;436.519072020291;436.600090287055;436.635242664395;436.293222820872
2019-10-10;436.778932976562;436.421579784967;436.519187034707;436.600201670169;436.635352711353;436.293345958675
2019-10-11;436.778925024022;436.421574614411;436.519181119272;436.600197216138;436.635352556614;436.29332410533
2019-10-12;436.778896502304;436.421544660958;436.519143228828;436.60016805899;436.635324634988;436.293295507762
2019-10-13;436.778857689112;436.421504022875;436.519094869785;436.600121116534;436.63527881487;436.293251972774
2019-10-14;436.778804455347;436.4214499392;436.519052729793;436.600079385329;436.635236919333;436.293191005407
2019-10-15;436.778776201571;436.421420799557;436.51903350133;436.600062942846;436.635218454228;436.293189206648
2019-10-16;436.77881440968;436.421459179049;436.519081968468;436.600104295997;436.635256374696;436.29323350596
2019-10-17;436.778812212016;436.421457032144;436.519078479355;436.60010355055;436.635257452006;436.293222334519
2019-10-18;436.778819612149;436.421463448101;436.519078943353;436.600102469483;436.63525509374;436.293228292516
2019-10-19;436.779055890213;436.421692259568;436.519300994477;436.600323254533;436.635450741078;436.293476192019
2019-10-20;436.779466744854;436.422108848385;436.519735234001;436.600738590119;436.635863389276;436.293907053428
2019-10-21;436.779662828296;436.422306070081;436.519931662169;436.600941825326;436.636074173167;436.294095730402
2019-10-22;436.779896818305;436.42253579192;436.520186466024;436.601171200535;436.636296450229;436.294308305885
2019-10-23;436.780128504282;436.422771042872;436.520403411372;436.601411426685;436.636541669599;436.294562349488
2019-10-24;436.780307750231;436.422949729842;436.520582817029;436.601622322779;436.63675048178;436.294758575885
2019-10-25;436.780436243646;436.423077148091;436.520700392458;436.601755509345;436.636879700738;436.29489359234
2019-10-26;436.780508813631;436.423150128948;436.520780710556;436.601837333581;436.636965333223;436.29496066876
2019-10-27;436.780563626705;436.42320452595;436.520834521046;436.60189122965;436.637022330645;436.295011178337
2019-10-28;436.780586421718;436.423229221001;436.520855742799;436.601906143575;436.637041686166;436.295042951883
2019-10-29;436.780597437038;436.423238481748;436.52087062664;436.601920698759;436.637056368499;436.295052651634
2019-10-30;436.780586499354;436.423227612962;436.520869815646;436.601907287684;436.637043937609;436.295047365203
2019-10-31;436.780575336828;436.423215816448;436.520857529314;436.601897497378;436.63703497696;436.295032076773
2019-11-01;436.780554314863;436.42319382133;436.520839387012;436.601876387498;436.637013555826;436.295013382701
2019-11-02;436.78058544291;436.423223958099;436.520865460443;436.601906570662;436.637040183012;436.295050406293
2019-11-03;436.780668717455;436.423305547295;436.520937487458;436.601982713535;436.637111900418;436.295134085508
2019-11-04;436.780768016359;436.423402643434;436.521040001225;436.602087808924;436.637210557212;436.295230780676
2019-11-05;436.780912218319;436.423547363586;436.521179363954;436.602226361051;436.637347258461;436.295367253535
2019-11-06;436.781051530697;436.423685295604;436.521324372756;436.60237504593;436.637494543697;436.295509424377
2019-11-07;436.781203382586;436.423836898241;436.521482597013;436.602529899634;436.637651475921;436.29566143971
2019-11-08;436.781348059276;436.423979948662;436.521625986254;436.60267290493;436.637796693576;436.295802852718
2019-11-09;436.781456067268;436.42408751944;436.521739592535;436.602794617264;436.63792382105;436.29590850796
2019-11-10;436.781541425984;436.424173221389;436.521823173085;436.602888196543;436.638022141467;436.295985565837
2019-11-11;436.781596827338;436.42422788831;436.521876383044;436.602934584562;436.638072131544;436.296032952387
2019-11-12;436.781637690512;436.424268840312;436.521916471812;436.602982055663;436.638120454441;436.296078541051
2019-11-13;436.781658178593;436.424289435699;436.5219348154;436.603003431673;436.638145686667;436.296095931511
2019-11-14;436.781655939053;436.424287137887;436.521945548529;436.603006833799;436.638150274829;436.296097292183
2019-11-15;436.781643490265;436.424275125369;436.521911633332;436.602986724836;436.638129755835;436.296085697077
2019-11-16;436.781589862663;436.424222373136;436.521861181994;436.602933680809;436.638077504867;436.296027535279
2019-11-17;436.781525882815;436.424157925615;436.521803915987;436.602864249727;436.63800882847;436.295967480207
2019-11-18;436.781471536144;436.424103030663;436.521740005231;436.602808183016;436.637949616654;436.295915932307
2019-11-19;436.781387172208;436.42401996388;436.521663582454;436.602725914137;436.637867691009;436.295826534663
2019-11-20;436.781310920676;436.423943087916;436.521588619158;436.602646271881;436.63778732254;436.295755798628
2019-11-21;436.781242888285;436.42387414539;436.52152176938;436.602579211111;436.63772066258;436.295687598416
2019-11-22;436.781162897466;436.423793266821;436.52144528875;436.602500090438;436.637641462834;436.295610722808
2019-11-23;436.781117191122;436.423746917324;436.521395464928;436.602457977272;436.637598761269;436.295563326842
2019-11-24;436.781009362102;436.423639065422;436.521282643506;436.602351913023;436.637492444747;436.295448582286
2019-11-25;436.780901764472;436.423531328864;436.52117269799;436.602242584864;436.637383108771;436.29533841508
2019-11-26;436.780802936206;436.423432447478;436.521075262527;436.602141331559;436.637280866273;436.295241877646
2019-11-27;436.780745610118;436.4233729403;436.521019107246;436.602091137855;436.637226533346;436.295186270743
2019-11-28;436.780725884539;436.423352759107;436.520991603275;436.60205790859;436.637187282762;436.295175267236
2019-11-29;436.780874084269;436.423499235668;436.521138461818;436.602198459009;436.637312166574;436.295330559996
2019-11-30;436.781142773403;436.423769702258;436.521430266277;436.602478223656;436.637587200849;436.295601956515
2019-12-01;436.781395956589;436.424025255385;436.521685234246;436.602735243027;436.637851381338;436.29585351298
2019-12-02;436.781564857456;436.42419437982;436.521851227352;436.602907087326;436.638028316294;436.296021723773
2019-12-03;436.7816904176;436.424318964552;436.521982901242;436.603031721726;436.638157232931;436.296131402238
2019-12-04;436.78177576963;436.424404424678;436.522060106546;436.603121759564;436.638251321342;436.29621049287
2019-12-05;436.781809270112;436.42443750652;436.522089101541;436.603158579449;436.638292356843;436.296239853515
2019-12-06;436.781813494611;436.42444153684;436.522095222347;436.603163979325;436.638300384439;436.296245302602
2019-12-07;436.781811752012;436.424439310944;436.5220723526;436.603152450293;436.638290542613;436.296235956438
2019-12-08;436.781792209141;436.424419754255;436.522065279554;436.603141390695;436.638281393454;436.296211420045
2019-12-09;436.781773406376;436.424401074815;436.52203619875;436.603121164161;436.638262646196;436.29620533695
2019-12-10;NA;NA;436.522004318965;436.603082091665;436.638219763116;NA
2019-12-11;436.781735609912;436.42436219962;436.521990393523;436.603066439162;436.638206573172;436.296131607286
2019-12-12;436.781751235175;436.424376582707;436.522016148237;436.603080512795;436.638216379822;436.296161860801
2019-12-13;436.781874681285;436.424496223837;436.522098953138;436.603192983862;436.638320890692;436.296242177265
2019-12-14;436.782065549203;436.424688510451;436.522298357356;436.603378861084;436.638496146241;436.296493386863
2019-12-15;436.782173761085;436.42479853301;436.522431762236;436.603511989704;436.638638336436;436.296606905258
2019-12-16;436.782340112249;436.42496353114;436.522619664934;436.603694006195;436.638822827144;436.296772512725
2019-12-17;436.782521390626;436.425144949425;436.522794295788;436.603872517462;436.639006948796;436.29694875977
2019-12-18;436.782628967124;436.425252990759;436.522900409781;436.603986156069;436.639124262424;436.297045819441
2019-12-19;436.782723871513;436.425348042247;436.523014546929;436.604088539983;436.639230203557;436.297144811177
2019-12-20;436.782828974472;436.42545396435;436.523105454203;436.604181948324;436.639325573229;436.297238581938
2019-12-21;436.782904902853;436.425529474769;436.523181141482;436.604261082789;436.639402436191;436.297327816058
2019-12-22;436.783011493214;436.425634024059;436.523275199514;436.604366615715;436.639502701758;436.297429980032
2019-12-23;436.783250196337;436.425869958982;436.523520521036;436.604608815454;436.639733178464;436.297670361733
2019-12-24;436.783625115439;436.42624599455;436.523904532217;436.604977243122;436.640101753232;436.29802964003
2019-12-25;436.784179894685;436.426801600965;436.524452843337;436.605534297617;436.640662669095;436.298606112885
2019-12-26;436.784758521145;436.427383872941;436.525038624388;436.606124175787;436.641271453669;436.299168677758
2019-12-27;436.785257845916;436.42787708348;436.525528014597;436.606629000955;436.641772948662;436.29966933666
2019-12-28;436.785873130642;436.428492045904;436.526135864697;436.607241214513;436.642388860145;436.300266476797
2019-12-29;436.786375552454;436.428997949464;436.52668504772;436.607771250089;436.642937156164;436.300770357041
2019-12-30;436.786736318216;436.429361695168;436.527009432906;436.608112171703;436.643289449761;436.301101078141
2019-12-31;436.786906637532;436.429533853489;436.527186024913;436.608294217414;436.643479114281;436.301284722372
2020-01-01;436.78698262122;436.429612790355;436.527264567652;436.608367984741;436.643557938428;436.30136302602
2020-01-02;436.786959089346;436.429592073807;436.527233527473;436.608339792221;436.643532483065;436.301337976958
2020-01-03;436.786855070506;436.42948996615;436.527110620302;436.608223404874;436.643416023411;436.301218208768
2020-01-04;436.786675354536;436.429322344919;436.526931781116;436.608044604062;436.643235555469;436.301054837654
2020-01-05;436.786490080366;436.429141148067;436.5267584317;436.60786133134;436.643050304943;436.30086936832
2020-01-06;436.786315082554;436.42896771709;436.526585030763;436.607686824603;436.642875674509;436.300696489872
2020-01-07;436.786103989261;436.428757567154;436.526374280702;436.607478683609;436.642666458514;436.300487994985
2020-01-08;436.785909426391;436.428563654508;436.526181555513;436.607284660202;436.642472251959;436.300294673225
2020-01-09;436.785747061699;436.428401726657;436.526022234226;436.607113586293;436.642301173593;436.300135466348
2020-01-10;436.785561833768;436.42821791289;436.525810410586;436.606924970304;436.64211179439;436.299946554609
2020-01-11;436.785342434862;436.427998142891;436.525620447603;436.606715480007;436.641901457381;436.29974067105
2020-01-12;436.785173501943;436.427829374903;436.525458948422;436.606544464289;436.641729747026;436.299564973012
2020-01-13;436.784998617783;436.427654967121;436.525290560069;436.606370110047;436.641554874737;436.299398406706
2020-01-14;436.784821458519;436.427478225705;436.525102597856;436.606191650336;436.64137632975;436.299223867879
2020-01-15;436.78462386447;436.42728065399;436.52490044336;436.605992239569;436.641176619277;436.299020438569
2020-01-16;436.784406630828;436.427063584376;436.52469297835;436.605776023367;436.640958613361;436.298815274695
2020-01-17;436.78422290324;436.426879874884;436.524523766736;436.605600010877;436.640782289794;436.298635882463
2020-01-18;436.78403631538;436.42669310957;436.524322615483;436.605403434446;436.640583717923;436.29845271556
2020-01-19;436.783842654473;436.426500298573;436.52414231343;436.605217939174;436.640398604613;436.298254770462
2020-01-20;436.783631123281;436.426288449832;436.523932077534;436.604999669083;436.640179219193;436.298050764234
2020-01-21;436.783461032774;436.426118076217;436.523770508889;436.604826244873;436.640005888786;436.297879627726
2020-01-22;436.783285553787;436.425943476453;436.523607382621;436.604665553376;436.639844965026;436.297710122445
2020-01-23;436.783124674337;436.425781024256;436.523422948954;436.604486461151;436.639666051944;436.297538640912
2020-01-24;436.782946322577;436.425602052894;436.523247597137;436.604313711174;436.639492463148;436.297363427597
2020-01-25;436.782769323204;436.42542462792;436.52307139281;436.604134520913;436.639312485437;436.297189532344
2020-01-26;436.782601328716;436.425254617029;436.522906293771;436.603968975671;436.639145991402;436.297014522274
2020-01-27;436.782431241077;436.425083271225;436.522736146617;436.603793020299;436.638970176889;436.296857629246
2020-01-28;436.782321450581;436.424972243789;436.522609525711;436.603673089427;436.638845012832;436.29674806965
2020-01-29;436.782230298555;436.424878653341;436.52252354988;436.603582342254;436.638747146923;436.296664638832
2020-01-30;436.78216842641;436.424817849268;436.522468190566;436.603517573014;436.638679675814;436.296602968376
2020-01-31;436.782102033054;436.424750865179;436.522394747285;436.603452192504;436.638613621631;436.29653454619
2020-02-01;436.782057411046;436.424704921607;436.522354510173;436.603408465149;436.638570546987;436.296489863398
2020-02-02;436.782002204403;436.424647467963;436.522293214347;436.603349124613;436.638508963357;436.296436093109
2020-02-03;436.782079664341;436.424721977378;436.522377790308;436.603422845038;436.638574245799;436.296521547405
2020-02-04;436.782228432893;436.424870611088;436.522532313905;436.60357745988;436.638730351252;436.296679713858
2020-02-05;436.782366169335;436.425006733519;436.522639272312;436.603693639807;436.638851360409;436.296767295354
2020-02-06;436.782467322526;436.425107414645;436.522773413664;436.603820152403;436.638982724572;436.296888837106
2020-02-07;436.782567103879;436.42520739318;436.522881788161;436.603933566843;436.639101741239;436.296984310427
2020-02-08;436.782632522035;436.425271970713;436.522941514923;436.604001922746;436.639174191241;436.297042640985
2020-02-09;436.782655870034;436.425294403425;436.522969182468;436.604025912264;436.639201073721;436.297068301719
2020-02-10;436.782701597626;436.42533955079;436.522988346829;436.604046988389;436.639226808005;436.297121588604
2020-02-11;436.782707892561;436.42534540034;436.522994623085;436.604057873771;436.639235662592;436.297127214636
2020-02-12;436.782724255074;436.425360925201;436.523018190135;436.60407620812;436.639252767025;436.29714387013
2020-02-13;436.782753315446;436.425390112243;436.523057791946;436.604103435076;436.639281015329;436.297168411094
2020-02-14;436.782788957047;436.42542411123;436.523067478323;436.60413141489;436.639303984005;436.297202616049
2020-02-15;436.782839675258;436.425474890732;436.523137945418;436.604191814514;436.639364747877;436.297251510372
2020-02-16;436.78289607984;436.425531377036;436.523178644872;436.604234413901;436.639409326106;436.297300434185
2020-02-17;436.782920285921;436.425555047837;436.523198551484;436.604262906306;436.639439412091;436.297329010926
2020-02-18;436.782968353593;436.425603869867;436.523241473124;436.604303271761;436.639481801919;436.297369451682
2020-02-19;436.78299595123;436.425632170135;436.523285041873;436.604337808681;436.639517387216;436.297402691962
2020-02-20;436.783037050434;436.42567336507;436.523321417438;436.604380251045;436.639560883795;436.297438345531
2020-02-21;436.783029286836;436.425665135656;436.523307222312;436.604369688466;436.639551967916;436.297428863637
2020-02-22;436.783034177902;436.425669838762;436.523326515475;436.604381240415;436.639565403915;436.297429016422
2020-02-23;436.783040057806;436.425676332749;436.52331330615;436.604372423927;436.639557180671;436.297440601509
2020-02-24;436.783062531379;436.425698175894;436.523335424603;436.604387793176;436.639573340692;436.297477275799
2020-02-25;436.783099567827;436.425734713838;436.523382770292;436.604428282489;436.639613281686;436.297503972175
2020-02-26;436.783172120693;436.425807352511;436.523457216192;436.604508581897;436.639689108409;436.297580426834
2020-02-27;436.783231196844;436.425866502584;436.523523817354;436.604575776076;436.63975191024;436.297636963085
2020-02-28;436.783363080685;436.425996473757;436.523647290996;436.604693835023;436.639862287097;436.297765019255
2020-02-29;436.783591610806;436.42622581417;436.523874503158;436.604927290499;436.640098991025;436.29800256492
2020-03-01;436.783903675464;436.426536045411;436.524172626486;436.605221090449;436.640387077536;436.298304346372
2020-03-02;436.784268838834;436.42690474019;436.524571896068;436.605613629329;436.640785922519;436.298675323876
2020-03-03;436.78463547327;436.427274388089;436.524909649353;436.605965295798;436.641145344236;436.299029836025
2020-03-04;436.784961562406;436.42760234204;436.525233870526;436.60629091744;436.641478913349;436.299345534295
2020-03-05;436.785308046422;436.427942360034;436.525594137178;436.606643728018;436.641826836947;436.299695856517
2020-03-06;436.786182433933;436.428805265847;436.5264738182;436.607551384996;436.642712643572;436.300599999187
2020-03-07;436.787109229157;436.429747966853;436.527404094962;436.608463689321;436.643664366163;436.301489278467
2020-03-08;436.787659443514;436.430298683801;436.527936725214;436.609011715277;436.644227108515;436.302026159866
2020-03-09;436.787976866573;436.430615051901;436.528217702081;436.609315513035;436.644535511313;436.302322664512
2020-03-10;436.788091635581;436.430730360275;436.528345341493;436.609439391455;436.644663332824;436.30245030825
2020-03-11;436.788162075771;436.430801516861;436.528402723187;436.609497847261;436.644719885749;436.302529003128
2020-03-12;436.7881615077;436.430802672782;436.528395623314;436.609488992674;436.644713939224;436.302519004609
2020-03-13;436.788053815634;436.43069565113;436.528285727543;436.609381781473;436.644606119193;436.302421702921
2020-03-14;436.787934733057;436.430576048374;436.52817775224;436.609274237935;436.644496083132;436.302297399546
2020-03-15;436.787825870537;436.430467288717;436.52806757007;436.609160641515;436.644380353766;436.302178198548
2020-03-16;436.787660644829;436.430302896574;436.527890327501;436.608995195157;436.644212684567;436.302014912953
2020-03-17;436.787441202736;436.430083468872;436.527682683945;436.608779996395;436.643995361031;436.301801733437
2020-03-18;436.787303976968;436.429945816017;436.527541991207;436.608632402227;436.64384659415;436.30167352499
2020-03-19;436.787171905909;436.429813503878;436.527402338293;436.608498100155;436.643709938483;436.301541904113
2020-03-20;436.787052654126;436.429692165263;436.527292726594;436.608381495;436.643586926317;436.301422414042
2020-03-21;436.787175993128;436.429814985276;436.527410602527;436.608490763999;436.64368949677;436.301549293414
2020-03-22;436.78705296599;436.429692827365;436.527303832625;436.608387832548;436.643591698886;436.301427605475
2020-03-23;436.786916164822;436.42955687202;436.527169298179;436.608255665651;436.643462251106;436.301285413314
2020-03-24;436.786802832459;436.429443772565;436.527067679966;436.608147818875;436.643355906159;436.301169750273
2020-03-25;436.786703854935;436.429345330321;436.526962679702;436.608040415627;436.643249001416;436.301068319666
2020-03-26;436.786589811768;436.429231985877;436.526850633219;436.607929861993;436.643138978975;436.300953475267
2020-03-27;436.786444825777;436.429086729493;436.52670886317;436.607784420846;436.6429937917;436.300807087565
2020-03-28;436.786289850861;436.428931996368;436.526552950226;436.607627902448;436.64283702174;436.300656040105
2020-03-29;436.786140423098;436.428782893894;436.526408037786;436.607472889933;436.642680612068;436.300520007383
2020-03-30;436.786004820579;436.428646651455;436.526283735553;436.607348837594;436.642556641302;436.300381960582
2020-03-31;436.785857616367;436.428499515819;436.526120494016;436.607191906911;436.642398425714;436.300226341305
2020-04-01;436.785712128851;436.428352889169;436.525979555401;436.607046713468;436.64225251129;436.300079237469
2020-04-02;436.785567753111;436.428208995944;436.525836639288;436.606905573745;436.642110616881;436.299938847102
2020-04-03;436.785400424481;436.428042157291;436.525657966212;436.606730402459;436.641935090105;436.299770246272
2020-04-04;436.785226932584;436.427868375281;436.52548578631;436.606553566886;436.641757727424;436.299593156471
2020-04-05;436.78506751323;436.427708445164;436.525327996956;436.606392481645;436.641594795264;436.299440648851
2020-04-06;436.784909928537;436.42755100757;436.525164961399;436.606231178597;436.641434301264;436.299283174483
2020-04-07;436.784744175721;436.427386662603;436.524999159018;436.606054077184;436.64125743536;436.299100035666
2020-04-08;436.784583238788;436.427226267711;436.524833818899;436.605883829282;436.641087258779;436.298968042614
2020-04-09;436.784417556328;436.427059650944;436.524678136198;436.605723323105;436.640924290087;436.298796830021
2020-04-10;436.784258258346;436.426900370986;436.524527843779;436.605566817499;436.64076688909;436.298645913849
2020-04-11;436.784115140415;436.426757228717;436.524375055284;436.60541657287;436.640616729026;436.298502454075
2020-04-12;436.783958520043;436.426600747271;436.524232513495;436.605267671148;436.64046797849;436.29834517072
2020-04-13;436.783818566533;436.426461651311;436.524078744157;436.605118363658;436.640318942637;436.298207805847
2020-04-14;436.783649671859;436.426293517185;436.523908758137;436.604939968512;436.640141121678;436.298049274243
2020-04-15;436.783481115976;436.426124405592;436.523757535508;436.604787128954;436.639988171794;436.297870324199
2020-04-16;436.783461416868;436.426100800168;436.523734109873;436.604747567293;436.6399307416;436.297866943037
2020-04-17;436.783629619595;436.426274244199;436.523921808782;436.604905286472;436.640084687351;436.298064478814
2020-04-18;436.783684449935;436.426337055691;436.523951919655;436.604921051018;436.640106333754;436.298110558053
2020-04-19;436.783684518155;436.426339089505;436.523961636767;436.60491762336;436.640101152574;436.298112403486
2020-04-20;436.783728967863;436.426385590081;436.523999784635;436.604947565925;436.64013091931;436.298187412101
2020-04-21;436.783765120646;436.426424174452;436.524034704837;436.604978217249;436.640162087829;436.298223201576
2020-04-22;436.783778540854;436.42644076716;436.524043065462;436.604989893701;436.640175426273;436.298241180285
2020-04-23;436.783767944728;436.4264315452;436.523992425578;436.604939337448;436.640127210032;436.298163479789
2020-04-24;436.783659628878;436.426324507016;436.523928034067;436.604864887516;436.640055220677;436.298104276225
2020-04-25;436.78360231711;436.426267837797;436.523867454979;436.604801718946;436.639991971871;436.298057116268
2020-04-26;436.783554550623;436.426219208112;436.523818764962;436.604754192354;436.639942381425;436.298007115726
2020-04-27;436.783516402328;436.426181931543;436.523789485871;436.604716286744;436.639903959319;436.297975089956
2020-04-28;436.783530971599;436.426195592633;436.523806585102;436.604725672833;436.639907255788;436.2979975587
2020-04-29;436.78359768027;436.426263911726;436.523873091245;436.604787202503;436.639968084506;436.298068375714
2020-04-30;436.783603033066;436.426270491988;436.523884310976;436.604791623135;436.639974413704;436.298075542741
2020-05-01;436.783508921915;436.426181284162;436.523792552253;436.604701291097;436.639901763482;436.297963623815
2020-05-02;436.783161734171;436.42582919487;436.523435591361;436.604392369846;436.639599047424;436.297607700158
2020-05-03;436.782944765771;436.425606320273;436.523215504197;436.604179824616;436.639381733888;436.297378506489
2020-05-04;436.782773173913;436.425430842529;436.523038021598;436.604016741189;436.639216938949;436.297201725279
2020-05-05;436.782653467405;436.425305031382;436.522913246189;436.603890212745;436.639081293663;436.297094089123
2020-05-06;436.782738666763;436.425388876285;436.522996715171;436.603969693689;436.639153392438;436.297179364695
2020-05-07;436.782665513418;436.425315458587;436.522933458192;436.603918096319;436.639108102593;436.297092765225
2020-05-08;436.782593193282;436.425242440438;436.522853634548;436.603845378895;436.639036661519;436.297016373909
2020-05-09;436.782525858;436.425173430968;436.522784349246;436.60378751966;436.638976725057;436.296945339653
2020-05-10;436.782479013416;436.425124839017;436.522721108333;436.603721740218;436.638909106868;436.29690053334
2020-05-11;436.782436297897;436.425079476478;436.522685787744;436.603697185767;436.638882134611;436.296869998998
2020-05-12;436.782371612381;436.425015392152;436.522642424308;436.603646231465;436.638831808401;436.296786989792
2020-05-13;436.782327641459;436.424970297729;436.522592658273;436.603601318759;436.638785964063;436.296743638181
2020-05-14;436.782342955644;436.424984398874;436.522607133741;436.603620146309;436.638798847931;436.296764593855
2020-05-15;436.782326925648;436.424968989061;436.522585354063;436.603602293942;436.63878434688;436.296744879517
2020-05-16;436.782285758891;436.424926752116;436.522545982883;436.603566339956;436.638749571469;436.296699359202
2020-05-17;436.782254748704;436.424894324794;436.522507853668;436.603537169258;436.638721912629;436.296663021478
2020-05-18;436.78222154985;436.424860634865;436.522464087406;436.603496757688;436.638682109889;436.296614573124
2020-05-19;436.782182598505;436.424822045326;436.522429087615;436.603464319858;436.638650431491;436.296582033725
2020-05-20;436.782142618576;436.424782249707;436.522394933319;436.603425508874;436.638611863337;436.296549116882
2020-05-21;436.7821907607;436.424827019197;436.522436473514;436.603467234471;436.638641217273;436.296603348012
2020-05-22;436.782499846233;436.425138833181;436.522750392553;436.603747877392;436.63891044139;436.296933811687
2020-05-23;436.782794470865;436.425439917766;436.523035220759;436.604014719003;436.639178024185;436.297250629195
2020-05-24;436.782997927844;436.425648304621;436.523257787138;436.604220766313;436.639386836188;436.297439701407
2020-05-25;436.783157864276;436.42581254595;436.523412790899;436.604368380912;436.639538839263;436.297606952401
2020-05-26;436.783277564468;436.4259356885;436.523527675804;436.604478808055;436.639651229157;436.297731566691
2020-05-27;436.783388992626;436.426049571614;436.523633139574;436.60457956712;436.639752681439;436.297848217005
2020-05-28;436.783470452359;436.426134527244;436.523717620957;436.604653094707;436.639830059622;436.297920840385
2020-05-29;436.783480615614;436.426149928142;436.523736967694;436.604660677031;436.639840329859;436.297945703809
2020-05-30;436.783504582472;436.426174717793;436.523763048246;436.604687395907;436.639867992466;436.297971064077
2020-05-31;436.783513052966;436.426183788944;436.523770556323;436.604692356968;436.639871390194;436.297981439762
2020-06-01;436.783529099808;436.426200393628;436.523783791037;436.604706028136;436.639886912803;436.297991073907
2020-06-02;436.783506045298;436.426177990762;436.523763619184;436.604679261057;436.639859255208;436.297970931901
2020-06-03;436.783517001894;436.426190341304;436.52377634496;436.604687897914;436.639868824864;436.297976424478
2020-06-04;436.78349811417;436.426170615344;436.52376248076;436.604669713684;436.639849447136;436.297979348565
2020-06-05;436.783507749203;436.426179343263;436.523769383789;436.604676164958;436.639852479279;436.297988076483
2020-06-06;436.783521919812;436.426194886803;436.523785643819;436.604691040128;436.639867505052;436.298000778227
2020-06-07;436.783481362741;436.426157764546;436.523735629532;436.60464387103;436.639829697396;436.297950354991
2020-06-08;436.783158538483;436.425828595424;436.523420452345;436.60435336821;436.639542426507;436.297619002322
2020-06-09;436.783186642707;436.425852434499;436.523450932017;436.604375936119;436.639551130265;436.2976517049
2020-06-10;436.783259756014;436.425926549546;436.52352279291;436.604441824193;436.639617357841;436.297719098873
2020-06-11;436.783286372623;436.425954722316;436.523542099752;436.604463436771;436.639642202989;436.297743561371
2020-06-12;436.783133407775;436.425803945284;436.523375917896;436.604316746768;436.639508137343;436.297570945651
2020-06-13;436.782875180234;436.42553592487;436.523116446566;436.604077453268;436.639260288799;436.297327936864
2020-06-14;436.782764288865;436.425427641624;436.523010938899;436.603962768953;436.639153253672;436.29720677979
2020-06-15;436.782743406644;436.425398094739;436.522980711677;436.60394606819;436.639120467677;436.297184227413
2020-06-16;436.782916226821;436.425573821177;436.523154110304;436.604096755387;436.639268502612;436.297352346083
2020-06-17;436.783086495847;436.425746013159;436.523334635985;436.604283629169;436.639454580824;436.297553286252
2020-06-18;436.783044080167;436.42570471693;436.523279421627;436.604242425153;436.639423923802;436.297490055647
2020-06-19;436.783241952569;436.425900357039;436.523491470693;436.604450249385;436.639622154572;436.297697654675
2020-06-20;436.783337799141;436.425995930305;436.523600404744;436.604558200882;436.639730636907;436.29779739257
2020-06-21;436.783562831002;436.426220491446;436.523807091779;436.604760822615;436.639929499424;436.298018984486
2020-06-22;436.783693791835;436.42635266532;436.523942946571;436.604894201227;436.640065264321;436.298152167117
2020-06-23;436.783797841001;436.426457642564;436.524039535068;436.604995742159;436.640169276103;436.298251203245
2020-06-24;436.783889387989;436.426549076627;436.524125513705;436.605082378582;436.64025632238;436.298349252763
2020-06-25;436.783966095096;436.426625546421;436.524207950856;436.60516426411;436.640338171133;436.298402267415
2020-06-26;436.784057970872;436.426718751379;436.524284608125;436.605241441379;436.640415973043;436.29852377697
2020-06-27;436.784089350677;436.426752239;436.524330474176;436.605292396164;436.640469212493;436.298533528278
2020-06-28;436.784123206969;436.426786109301;436.524362066447;436.605321031582;436.640498375019;436.298588610324
2020-06-29;436.784105355617;436.426771767431;436.524334830964;436.605295256437;436.640481403942;436.298556378551
2020-06-30;436.783913593327;436.426573644142;436.524155953404;436.605136499032;436.640319648822;436.298348878593
2020-07-01;436.783991580711;436.426651059472;436.524230330449;436.60520356426;436.640381471578;436.298435873705
2020-07-02;436.784019664505;436.426680851257;436.524254499755;436.605225555672;436.640403389441;436.298472432353
2020-07-03;436.784029051353;436.426690529995;436.524257547989;436.605229302452;436.640407211015;436.298474822947
2020-07-04;436.784063971767;436.426727109226;436.524292345252;436.605259343668;436.640438219393;436.298496369964
2020-07-05;436.784041623229;436.426706777588;436.524277645403;436.60524060888;436.640421458194;436.298492513504
2020-07-06;436.784017146351;436.426683592662;436.524244115188;436.605209603522;436.640392242549;436.298474460547
2020-07-07;436.783953301126;436.426618325211;436.524194613812;436.605159793912;436.640341092697;436.298409073328
2020-07-08;436.783917896812;436.426584265562;436.52413693028;436.605106045298;436.640291242226;436.298352470278
2020-07-09;436.783742560732;436.426410298575;436.523977441462;436.604945436887;436.640132742246;436.298175136627
2020-07-10;436.783603711359;436.426266191772;436.523822957944;436.604806068046;436.639992474462;436.29804702115
2020-07-11;436.78345074805;436.42611459077;436.523672459977;436.604653725825;436.639843801562;436.297894825126
2020-07-12;436.783244261976;436.425900415763;436.523475367631;436.604474805353;436.63966091274;436.297674481135
2020-07-13;436.783292972731;436.425948362723;436.523521187071;436.604517491026;436.639697306555;436.297725036725
2020-07-14;436.78328124642;436.425939856326;436.523505149112;436.604493223831;436.639674807755;436.297712697224
2020-07-15;436.783281298127;436.425938419206;436.523496616509;436.604464423677;436.63964542269;436.297710733999
