"Date_CET";"T2.1";"T3.2";"T7.2";"T6.2";"T6.1";"T4.1"
2018-09-05;11.090270996;10.564697266;10.979064941;11.663208008;11.708679199;NA
2018-09-06;11.07836151125;10.5697021485;10.983829498375;11.6646248955;11.7212437218571;11.474283854
2018-09-07;11.1110432943333;10.577155219;10.995050339381;11.6801496231905;11.7453061056667;11.4844970705
2018-09-08;11.1505039758571;10.5840977262857;11.0063964845;11.69504699725;11.762976074;11.50921630875
2018-09-09;11.188885498;10.5910339356;11.0189639818824;11.7123020715;11.7764805382857;11.5233590261429
2018-09-10;11.2254638675;10.598693848;11.0308909695882;11.7282877604667;11.794588216;11.5375467935
2018-09-11;11.2550320094444;10.6055908202222;11.0443584736154;11.7456258136667;11.8232381183333;11.5492011177778
2018-09-12;11.2804056805;10.6126302081667;11.0578143779231;11.7643432616111;11.8485921223333;11.5605991907143
2018-09-13;11.3009521482;10.620617676;11.0689964294375;11.7808707099286;11.8721095493571;11.5698038733333
2018-09-14;11.3270416260625;10.6276092529375;11.0796928405;11.8005710179444;11.8949856228889;11.5806361607857
2018-09-15;11.3426818845;10.6346130375;NA;NA;NA;11.58924865725
2018-09-16;NA;NA;11.102600098;NA;NA;NA
2018-09-19;NA;NA;11.1443481445;11.900146484;11.966247559;NA
2018-09-20;NA;NA;11.153112793;11.9226629086364;11.9829378999091;NA
2018-09-21;NA;NA;11.1641438800667;11.9405250546875;11.990905762125;NA
2018-09-22;NA;NA;11.1763305663846;11.9624671938125;12.004089355875;NA
2018-09-23;NA;NA;11.1848869325;11.9880905149375;12.0165138245;NA
2018-09-24;NA;NA;11.192077637;11.9986368816667;12.020874023;11.655456543
2018-09-25;NA;NA;11.2166341146667;12.0354817713333;12.0390421546667;11.669250488
2018-09-26;11.511352539;10.704528809;11.2188381618889;12.04251098675;12.044006347375;11.6721801755
2018-09-27;11.5244445802;10.7125183105;11.2311260518462;12.0603332519286;12.0568062915714;11.682263184
2018-09-28;11.5364379883333;10.7191365556667;11.2449776784286;12.0762845549231;12.0667489856923;11.68696594275
2018-09-29;11.5538155694286;10.7290562221429;11.2555917593846;12.0952192035;12.0790666851429;11.6929016115
2018-09-30;11.5624660915556;10.7360297307778;11.2612232882353;12.1104377295882;12.0855497471176;11.7014668781667
2018-10-01;11.566833496;10.740478516;11.267953055;12.1179351805;12.0900878905;11.706726074
2018-10-03;NA;NA;11.2954711915;12.146484375;12.112487793;NA
2018-10-04;11.6047030361818;10.7709184124545;11.3063964843529;12.1553809754762;12.1166730608571;11.7289650659091
2018-10-05;11.6109472658;10.7773315432;11.3153390591818;12.1613040498611;12.1198662652222;11.7336399245652
2018-10-06;11.61837259925;10.78486124675;11.3267720541667;12.169479369825;12.13147583025;11.7391077677083
2018-10-07;11.626340230125;10.79317982975;11.3354835508125;12.177494812325;12.13693847675;11.745719909375
2018-10-08;11.6358891241852;10.8022596571481;11.3462137858;12.1855265301026;12.1463075297949;11.7518735134783
2018-10-09;11.646936035;10.8091064454;11.3581034341667;12.1962672642143;12.1544843402857;11.7566935216667
2018-10-10;NA;NA;11.3687351775;12.205505371;12.1592025755;NA
2018-10-11;NA;NA;11.3804740905;12.2138437123077;12.165039062;NA
2018-10-12;NA;NA;11.3876953124615;12.22328186075;12.170898437;NA
2018-10-13;NA;NA;11.4050331115;12.2285359703333;12.1699869786667;11.779785156
2018-10-14;NA;NA;11.4162202725294;12.2274636664118;12.1749195767059;11.781738281
2018-10-15;NA;NA;11.4221971300556;12.2256910539444;12.1795789925556;NA
2018-10-16;NA;NA;11.4336769799091;12.2301089641053;12.1855789983158;NA
2018-10-17;NA;NA;11.445085798;12.2303030834286;12.191249302;NA
2018-10-18;NA;NA;11.4547873102353;12.229187012;12.1978708899167;NA
2018-10-19;NA;NA;11.4623718265;12.230358887;12.2035156246667;NA
2018-10-20;NA;NA;11.4588453505556;12.235847982;12.206351725;NA
2018-10-21;NA;NA;11.4645888387059;12.2540116742727;12.2167580342727;NA
2018-10-22;11.765014648;10.923950195;11.4708017201538;12.2679443355294;12.2227819105294;11.807373047
2018-10-23;11.7742919923333;10.9293212893333;11.4897552492;12.2789849172222;12.2228190103333;11.8113098145
2018-10-24;11.7789001465;10.937927246;11.4996337888889;12.2787645124444;12.2187296547778;11.811706543
2018-10-25;11.78088;10.9519;11.504070354;12.2755616174118;12.2184474815294;11.8132917285
2018-10-26;11.78485;10.95587;11.5120228571429;12.2729475;12.221284375;NA
2018-10-27;11.788026;10.960682;11.5190294117647;12.2750622222222;12.2228211111111;11.81329
2018-10-28;11.7927433333333;10.9671516666667;11.5205528571429;12.2757141666667;12.2339083333333;11.81329
2018-10-29;11.8033066666667;10.97583;11.5261928571429;12.2819583333333;12.2306333333333;11.816418
2018-10-30;11.8097242857143;10.9815271428571;11.530273;12.28552;12.2369845454545;11.816418
2018-10-31;11.8170971428571;10.9877942857143;11.531463;12.28993;12.23568;11.815245
2018-11-01;11.8249425;10.99324875;11.5346611764706;12.2932321428571;12.242995;11.8168445454545
2018-11-02;11.83432;10.99969;11.5358283333333;12.2940783333333;12.24817;11.815245
2018-11-21;NA;NA;11.6277383333333;12.222752;12.1749346666667;NA
2018-11-22;NA;NA;11.6401092857143;12.2173225;12.16287;NA
2018-11-23;NA;NA;11.6630135294118;12.2117292307692;12.1521807692308;NA
2018-11-24;NA;NA;11.6582442857143;12.2042411764706;12.1485770588235;NA
2018-11-25;NA;NA;11.65815125;12.1982482352941;12.1456158823529;NA
2018-11-26;11.8363;11.1351728571429;11.661986;12.1929211764706;12.1428705882353;11.7257783333333
2018-11-27;11.83278;11.1387255555556;11.6641033333333;12.1859935294118;12.1375882352941;11.721307
2018-11-28;11.82788125;11.14263125;11.6678490909091;12.1799338888889;12.1360816666667;11.7146171428571
2018-11-29;11.8248154545455;11.1449627272727;11.66865;12.17338;12.130930952381;11.7067292307692
2018-11-30;11.822975;11.150105;11.6718633333333;12.1677591666667;12.12744;11.7005342857143
2018-12-01;11.8188458333333;11.153105;11.6729466666667;12.1602190909091;12.1226054545455;11.6926214285714
2018-12-02;11.818118;11.158266;11.668757;12.154746;12.121082;11.6858514285714
2018-12-03;11.8130011111111;11.16126;11.653525;12.149232;12.112876;11.6791075
2018-12-04;11.8115675;11.162525;11.6494788235294;12.14413;12.103717;11.67317125
2018-12-05;11.8107955555556;11.1674844444444;11.6552271428571;12.1379288888889;12.0930155555556;11.66629
2018-12-06;11.8101169230769;11.1685538461538;11.6586031578947;12.1293323076923;12.0856569230769;11.65858
2018-12-07;11.8078;11.174196;11.660795;12.1203646666667;12.0788273333333;11.648314
2018-12-08;11.802645;11.1760275;11.6593406666667;12.1111784615385;12.0721338461538;11.64158
2018-12-09;11.791745;11.18097;11.6593393333333;12.101931;12.062587;11.63172
2018-12-10;11.7855718181818;11.1865890909091;11.654105625;12.0927113333333;12.051804;11.62136
2018-12-11;11.7812436363636;11.1873109090909;11.65435375;12.0826573684211;12.0423978947368;11.6119388888889
2018-12-12;11.774935;11.1902583333333;11.6537672727273;12.071986;12.03452;11.6040175
2018-12-13;11.76904;11.1935633333333;NA;NA;NA;NA
2018-12-14;NA;NA;11.65881;12.043975;12.01117;NA
2018-12-15;11.75708;11.20282;11.6583711111111;12.03563875;12.0043325;11.56854
2018-12-16;11.74921;11.20685;11.6582015384615;12.0240264285714;11.9955442857143;11.557446
2018-12-17;11.74518;11.208438;11.6578961538462;12.014716;11.9878646666667;11.55273
2018-12-18;NA;NA;11.656335;12.0025793333333;11.977186;NA
2018-12-19;NA;NA;11.6544872727273;11.9916507142857;11.9682335714286;NA
2018-12-20;NA;NA;11.6500442105263;11.981612;11.9597753333333;NA
2018-12-21;11.72534;11.22272;11.6477046666667;11.9680894117647;11.9488976470588;11.5013125
2018-12-22;11.7174871428571;11.2244471428571;11.6368415384615;11.9547338095238;11.9373004761905;11.4921066666667
2018-12-23;11.7125375;11.22675;11.632628;11.9397415;11.9251255;11.48252
2018-12-24;11.70642;11.229918;11.6287105882353;11.9232682352941;11.9098552941176;11.46869
2018-12-25;11.6986825;11.23071;11.6252273333333;11.908406;11.89902;11.4578375
2018-12-26;11.6925914285714;11.2329442857143;11.6239457894737;11.8956114285714;11.88601;11.446645
2018-12-27;11.684978;11.236635;11.6233435294118;11.8807533333333;11.8746238888889;11.4387316666667
2018-12-28;11.6765766666667;11.2386266666667;11.6233470588235;11.8680458823529;11.8600441176471;11.42621
2018-12-29;11.66992;11.242612;11.6208291666667;11.8580206666667;11.84768;11.4115314285714
2018-12-30;11.6580633333333;11.2479233333333;11.621546;11.8476505882353;11.8377523529412;11.402465
2018-12-31;11.64215;11.25061;11.6215131818182;11.8361016666667;11.8297116666667;NA
2019-01-01;NA;NA;11.6195723809524;11.826135625;11.822914375;NA
2019-01-02;NA;NA;11.6176527777778;11.8157292307692;11.8162492307692;NA
2019-01-03;NA;NA;11.6160246666667;11.8072576470588;11.8132135294118;NA
2019-01-04;11.60651;11.25861;11.6119682352941;11.7941476923077;11.8048076923077;11.33025
2019-01-05;11.60254;11.26654;11.60854;11.7781773684211;11.7921084210526;NA
2019-01-06;11.5933;11.2652166666667;11.6022746666667;11.7674;11.7852684615385;11.311464
2019-01-07;11.5783072222222;11.2674227777778;11.5959925;11.7503713793103;11.7785875862069;11.2912175
2019-01-08;11.5704983333333;11.2662070833333;11.5905508333333;11.7397990322581;11.7690377419355;11.27998625
2019-01-09;11.5599325;11.2676983333333;11.5842629166667;11.72247625;11.75505625;11.2670626086957
2019-01-10;11.556556;11.269716;11.577882;11.71377;11.748474;11.255262
2019-01-13;NA;NA;11.5516957142857;11.6566483333333;11.700865;11.21246
2019-01-14;NA;NA;11.5434778571429;11.6387286666667;11.6862833333333;NA
2019-01-15;NA;NA;11.53353;11.6163671428571;11.6704528571429;NA
2019-01-16;NA;NA;11.5211276470588;11.5958375;11.655327;NA
2019-01-17;11.48224;11.2700744444444;11.507561875;11.580976875;11.63930875;11.1778475
2019-01-18;11.4642722727273;11.2708836363636;11.4968514285714;11.5663212;11.6245976;11.1686175
2019-01-19;11.4559484;11.273372;11.4870804545455;11.5466220833333;11.6062383333333;11.1624454545455
2019-01-20;11.4455308333333;11.2754829166667;11.47846375;11.5344896428571;11.5883678571429;11.1539141666667
2019-01-21;11.4319895;11.273292;11.4729415789474;11.520133;11.5773895;11.144381
2019-01-22;NA;NA;11.4593975;11.492265;11.553285;NA
2019-01-23;NA;NA;11.4590666666667;11.48928875;11.54355875;NA
2019-01-24;NA;NA;11.4461733333333;11.4708322222222;11.5219122222222;11.10156
2019-01-25;NA;NA;11.437904;11.4648944444444;11.5082166666667;NA
2019-01-26;NA;NA;11.435075625;11.4497505263158;11.4908163157895;11.07385
2019-01-27;11.3922933333333;11.28642;11.422144375;11.433421875;11.470421875;11.06592
2019-01-28;NA;NA;11.414703125;11.422042;11.4547906666667;NA
2019-01-29;NA;NA;11.405281875;11.4031870588235;11.4361388235294;NA
2019-01-30;11.33539;11.2797866666667;11.3982517647059;11.3804935714286;11.41651;11.0342
2019-01-31;11.34064;11.28247;11.3905505882353;11.36639;11.3941375;11.02234
2019-02-01;11.31551;11.28111;11.379975;11.36433;11.3723458333333;10.9971933333333
2019-02-02;11.33352;11.289576;11.3733184615385;11.3329857142857;11.3469107142857;10.99553
2019-02-03;11.33673;11.26654;11.3650513333333;11.3179330769231;11.3353069230769;10.9760133333333
2019-02-04;11.297766;11.282434;11.3564769230769;11.2924981818182;11.31253;10.9647516666667
2019-02-05;11.289026;11.276882;11.3459553333333;11.274334375;11.295280625;10.95351
2019-02-06;11.2704955555556;11.2877488888889;11.333629047619;11.2541015789474;11.2721778947368;10.93896
2019-02-07;11.269165;11.2665275;11.320157;11.2346486666667;11.2582766666667;10.929075
2019-02-08;11.263196;11.280445;11.3129341176471;11.22883;11.2397066666667;10.921166
2019-02-09;11.24536;11.27646;11.2948366666667;11.222610625;11.218864375;NA
2019-02-10;11.21747;11.26257;11.2925166666667;11.2055925;11.2029516666667;10.88342
2019-02-11;11.214318;11.267334;11.2773452941176;11.179989375;11.1725425;10.8816327272727
2019-02-12;11.2002966666667;11.26652;11.261698;11.160183125;11.15465875;10.87152
2019-02-13;11.13403;11.28638;11.260499;11.15209;11.1298516666667;10.8510116666667
2019-02-14;11.161835;11.252595;11.245815;11.137166;11.104602;10.84375
2019-02-15;11.16983;11.26251;11.23339125;11.1236988888889;11.0756161111111;10.84772
2019-02-16;11.15855;11.2625566666667;11.2267557894737;11.1091521428571;11.0510135714286;10.81596
2019-02-17;11.13106;11.25856;11.20787;11.0870331578947;11.0258284210526;10.8119733333333
2019-02-18;11.127075;11.256575;11.1991928571429;11.089319;10.998035;10.798474
2019-02-19;11.1698;11.26257;11.17794;11.0686607142857;10.97757;10.771508
2019-02-20;11.1015516666667;11.2625533333333;11.16379;11.0494678947368;10.9485526315789;10.76236
2019-02-21;11.138;11.25861;11.1457735714286;11.0354778947368;10.9256268421053;10.75436
2019-02-22;11.07834;11.256595;11.13687875;11.0311541666667;10.9012008333333;10.74052
2019-02-23;11.0670866666667;11.2486183333333;11.1257791666667;11.0027325;10.8756916666667;10.73352
2019-02-24;11.04254;11.25461;11.1029108333333;10.9818727272727;10.8522118181818;10.71265
2019-02-25;11.08234;11.232695;11.094866875;10.967015;10.8314866666667;10.71661
2019-02-26;NA;NA;11.0921569230769;10.9494933333333;10.81021;NA
2019-03-04;10.9396285714286;11.22046;10.996245;10.830171;10.665283;10.5944375
2019-03-05;10.949005;11.22278;10.9959894117647;10.8168885;10.6466185;10.58449
2019-03-06;NA;NA;10.977861875;10.7937588235294;10.6262888235294;NA
2019-03-07;10.94305;11.19885;10.9682871428571;10.7752071428571;10.6132628571429;10.551665
2019-03-08;10.89891;11.2031725;10.9574277777778;10.7553357142857;10.5862614285714;10.542931
2019-03-09;10.8740316666667;11.1935716666667;10.9414988888889;10.745975;10.5592088888889;10.5294708333333
2019-03-10;10.87435125;11.2033475;10.93629375;10.7191425;10.541160625;10.5224085714286
2019-03-11;10.8730714285714;11.19773;10.9209711764706;10.6943947619048;10.5184219047619;10.517083
2019-03-12;10.846278;11.188911;10.9142704545455;10.6658929411765;10.5015070588235;10.515867
2019-03-13;10.8454675;11.18163;10.8972973684211;10.6625055555556;10.4787194444444;10.49087
2019-03-14;10.8319777777778;11.18693;10.8842653333333;10.647838125;10.457279375;10.488005
2019-03-15;10.83861;11.1842777777778;10.909119375;10.6221735714286;10.4364228571429;10.4683642857143
2019-03-16;10.8252928571429;11.1630514285714;10.8972738461538;10.5675061538462;10.39418;10.4667633333333
2019-03-17;10.788502;11.136766;10.825272;10.534044;10.35509;10.438265
2019-03-18;NA;NA;10.7894907142857;10.5013990909091;10.3579609090909;NA
2019-03-19;NA;NA;10.767823;10.4866157142857;10.3511685714286;NA
2019-03-20;10.709582;11.063488;10.7505377777778;10.4869263636364;10.3192536363636;10.4064328571429
2019-03-21;10.7110866666667;11.0590611111111;10.728716;10.498666875;10.30187625;10.39099375
2019-03-22;10.6761066666667;11.0349433333333;10.7064105555556;10.4953041176471;10.2915611764706;10.36585
2019-03-23;10.6840657142857;11.0208057142857;10.68777625;10.4923459090909;10.2705168181818;10.367401
2019-03-24;10.6793454545455;10.9986463636364;10.6562835;10.477788;10.2525993333333;10.35263
2019-03-25;10.662536;10.973816;10.6430061111111;10.4680033333333;10.2383627777778;10.3294158333333
2019-03-26;10.637409;10.948714;10.62013;10.451398125;10.224280625;10.32544
2019-03-27;10.66214;10.929465;10.61185;10.4407769230769;10.2049838461538;10.3055333333333
2019-03-28;10.6407657142857;10.9410828571429;10.5863536363636;10.4188963636364;10.1823163636364;10.29489
2019-03-29;10.6117114285714;10.9097457142857;10.5629992307692;10.4006089473684;10.1730963157895;10.2962233333333
2019-03-30;10.607506;10.916018;10.5632758823529;10.3857268421053;10.1550042105263;10.2783383333333
2019-03-31;NA;NA;10.5478044444444;10.3657726666667;10.141088;NA
2019-04-01;NA;NA;10.5358127777778;10.3545127777778;10.1228666666667;NA
2019-04-02;NA;NA;10.53850625;10.3432305555556;10.1083661111111;NA
2019-04-03;NA;NA;10.517776875;10.3284172222222;10.0908605555556;NA
2019-04-04;10.57233;10.91602;10.5193955555556;10.30477875;10.07259375;NA
2019-04-05;10.56439;10.88013;10.5133890909091;10.2903238888889;10.0636566666667;10.2530675
2019-04-06;10.558838;10.91759;10.5064286666667;10.26925;10.0494833333333;NA
2019-04-07;10.5532977777778;10.8938544444444;10.4946315789474;10.2603152941176;10.0464805882353;10.2072233333333
2019-04-08;10.533465;10.8671575;10.4805263157895;10.23908;10.0305;10.213562
2019-04-09;10.5175325;10.8192775;10.4485975;10.2446645454545;10.0264116363636;10.19029
2019-04-10;10.52117;10.831585;10.431588125;10.2491455555556;10.0068348888889;10.19527
2019-04-11;10.520475;10.81232;10.4086378571429;10.2168311111111;10.0004672222222;10.180126
2019-04-12;10.5079614285714;10.7581428571429;10.3948230769231;10.2167323076923;9.98514892307692;10.1793216666667
2019-04-13;10.477915;10.7511;10.3799122222222;10.21459;9.976766;10.184094
2019-04-14;10.4815675;10.7294775;10.3425138461538;10.1940407692308;9.96235076923077;10.1778175
2019-04-15;10.469384;10.713306;10.3421953846154;10.1824221428571;9.9588405;10.17633
2019-04-16;10.4732583333333;10.770405;10.34710375;10.1516464285714;9.94219535714286;10.167855
2019-04-17;10.476586;10.82665;10.3511782352941;10.1221576470588;9.92962294117647;10.14343
2019-04-18;10.4680528571429;10.76954;10.33935;10.1045841666667;9.92136116666667;10.1573925
2019-04-19;10.4646;10.73651;10.326858125;10.0796770588235;9.91172517647059;10.1464075
2019-04-20;10.41272;10.692505;10.3127777777778;10.0607905555556;9.90498866666667;10.1372
2019-04-21;10.4473066666667;10.6566133333333;10.3074505555556;10.0478391333333;9.89440906666667;10.133455
2019-04-22;10.45961125;10.6785425;10.29435;10.0378114375;9.894100125;10.137026
2019-04-23;10.450625;10.584685;10.294593125;10.0195965;9.8995285625;10.1274328571429
2019-04-24;10.426015;10.5573616666667;10.2553175;10.0000924117647;9.89452058823529;10.10221
2019-04-25;NA;NA;10.2516505555556;10.0004752222222;9.895996;10.1184825
2019-04-26;NA;NA;10.269119;10.0000380555556;9.89709133333333;NA
2019-04-27;NA;NA;10.2600847058824;9.97476989473684;9.89876184210526;NA
2019-04-28;10.4293516666667;10.5800183333333;10.2440652941176;9.9986458125;9.904720375;10.1121616666667
2019-04-29;10.4119;10.57189;10.2300844444444;9.97894335294118;9.90682823529412;10.1143442857143
2019-04-30;10.416685;10.59265;10.21943;9.99187517647059;9.90474576470588;10.1246142857143
2019-05-01;10.38477;10.78833;10.2202926666667;9.9994098;9.900472;10.1154625
2019-05-02;10.426282;10.776366;10.3303675;9.98317214285714;9.83123785714286;10.12666
2019-05-03;10.433448;10.57505;10.2330254545455;9.96080766666667;9.82404773333333;10.1174775
2019-05-04;10.3954066666667;10.2396688888889;10.1980175;9.9616088;9.83302406666667;10.114135
2019-05-05;10.39473;10.3667325;10.2039391666667;9.95241375;9.83842465;10.1131942857143
2019-05-06;10.36679;10.16846;10.185989375;9.95100478947368;9.83115752631579;10.119475
2019-05-07;10.3824371428571;10.0069415714286;10.1802463157895;9.96150864285714;9.83632114285714;10.12081
2019-05-08;10.3861972727273;10.1595726363636;10.1866326666667;9.95735273333333;9.82747;10.1092711111111
2019-05-09;10.38132;10.54288;10.2399641666667;9.96429436363636;9.80746181818182;10.1083777777778
2019-05-10;10.376747;9.9246335;10.2029388888889;9.94889816666667;9.81395466666667;10.1128333333333
2019-05-11;10.35675;9.9029542;10.1749976923077;9.964714;9.8249244375;10.1008566666667
2019-05-12;10.3454283333333;9.91179383333333;10.1413228571429;9.979682125;9.83159625;10.1092171428571
2019-05-13;10.374245;10.061140625;10.15656;9.9675964;9.8388122;10.106298
2019-05-14;10.37373375;10.3956525;10.2427;9.9756925;9.80933375;10.1199266666667
2019-05-15;10.342775;9.9519045;10.2483033333333;9.9683832;9.8158751;10.11048625
2019-05-16;10.3347683333333;9.96464033333333;10.25853;9.97984841666667;9.81231683333333;10.0933066666667
2019-05-17;10.32378375;9.972473125;10.2443033333333;9.9759648;9.7778934;10.089952
2019-05-18;10.3076428571429;9.97428671428571;10.223496;9.9825235;9.7998045;10.0756116666667
2019-05-19;10.24487;9.98407;10.2302866666667;9.984175625;9.772254875;10.0437
2019-05-20;NA;NA;10.2177354545455;9.95449581818182;9.75171445454546;NA
2019-05-21;10.30084;9.996094;10.023956625;9.968200625;9.800933875;10.049655
2019-05-22;10.2865866666667;10.0317166666667;10.092499;9.97917141666667;9.79946375;10.06713
2019-05-23;10.2861533333333;10.0575566666667;10.1441975;9.977188375;9.788597125;10.0623166666667
2019-05-24;10.31281;10.07227;10.1495166666667;9.967697375;9.779686;10.068615
2019-05-25;10.305616;10.073074;10.170195;10.0023438;9.7660278;10.07658
2019-05-26;10.3167875;10.0772525;10.20029;9.97175842857143;9.76568614285714;10.073996
2019-05-27;10.306398;10.065844;10.142215;9.9832155;9.772766;10.08757
2019-05-28;10.322815;10.06021;10.126145;9.98431371428571;9.77924471428571;10.0855575
2019-05-29;10.3248;10.076265;10.165004;9.9847782;9.7770996;10.0789183333333
2019-05-30;NA;NA;10.18691;NA;NA;10.08356
2019-05-31;10.3377675;10.0923175;NA;NA;NA;10.08752
2019-06-01;NA;NA;10.170205;9.9758295;9.78794333333333;NA
2019-06-02;NA;NA;10.16821;9.971222;9.794556;NA
2019-06-07;10.3364584;10.1038636;9.950762375;9.91228225;9.79930866666667;10.0658068181818
2019-06-08;10.366925;10.1178916666667;9.94625091666667;9.931259125;9.81130725;10.0762570833333
2019-06-09;10.3764166666667;10.13158625;9.972503625;9.93608079166667;9.82021583333333;10.09171
2019-06-10;10.4121983333333;10.13410125;10.0065814583333;9.9726845;9.83111325;10.1261145833333
2019-06-11;10.4311683333333;10.1319041666667;10.0343214583333;9.987675625;9.860918625;10.1339395833333
2019-06-12;10.426505;10.1521191666667;9.97357991304348;9.977521125;9.86848966666667;10.145085
2019-06-13;10.4559295652174;10.1338326086957;10.0080824583333;9.990323;9.8920415;10.1803129166667
2019-06-14;10.4697641666667;10.1502833333333;10.0132525;10.0129634583333;9.90372970833333;10.1972554166667
2019-06-15;10.4895554166667;10.1753233333333;10.0271245833333;10.0229349583333;9.91492979166667;10.220975
2019-06-16;10.5050358333333;10.180815;10.0603825;10.0506886956522;9.91036852173913;10.2319520833333
2019-06-17;10.5260539130435;10.181007826087;10.0534265217391;10.0580229166667;9.92892704166667;10.2545679166667
2019-06-18;10.5254603448276;10.2043982758621;10.0452434782609;10.0682812;9.95119376;10.2675895238095
2019-06-19;10.5311027586207;10.2291151724138;10.0515445833333;10.0803133333333;9.963160375;10.2845060869565
2019-06-20;10.54627125;10.2654570833333;10.0602204166667;10.087295;9.97880554166667;10.306195
2019-06-21;10.5571130434783;10.2923069565217;10.06237875;10.1060725;9.98719529166667;10.3174108695652
2019-06-22;10.5790304166667;10.31600875;10.07072375;10.1077383333333;9.99525458333333;10.3383754166667
2019-06-23;10.5800117391304;10.337392173913;10.0810745833333;10.12453125;10.00626825;10.3529082608696
2019-06-24;10.5946608333333;10.3565433333333;10.0835775;10.12386875;10.0145091666667;10.3704141666667
2019-06-25;10.59964;10.37620375;10.0899075;10.1295175;10.0231020833333;10.3886741666667
2019-06-26;10.6074604166667;10.3937325;10.0952445833333;10.13616125;10.0319554166667;10.4032875
2019-06-27;10.6194325;10.41122625;10.1123120833333;10.1448045833333;10.0411883333333;10.42501625
2019-06-28;10.625735;10.4297120833333;10.1182508695652;10.1569466666667;10.0482141666667;10.4444175
2019-06-29;10.6411945833333;10.44606375;10.13436125;10.1640891666667;10.0605891666667;10.4576620833333
2019-06-30;10.6475348;10.4632784;10.1396413636364;10.1737170833333;10.0686654166667;10.4773491304348
2019-07-01;10.6649914285714;10.4778814285714;10.1521785714286;10.1815285714286;10.0762057142857;10.4929825
2019-07-02;10.6761266666667;10.5060833333333;NA;NA;NA;10.5218533333333
2019-07-03;10.6852926086957;10.512547826087;10.194275;10.21658;10.10266;10.523655
2019-07-04;10.7060025;10.5283708333333;NA;10.22253;10.1145;10.5430579166667
2019-07-05;10.7212779166667;10.5443754166667;NA;10.24255;10.13031;10.5588913636364
2019-07-06;10.7350247826087;10.5596447826087;NA;NA;NA;10.5776860869565
2019-07-07;10.7511858333333;10.5751995833333;NA;NA;NA;10.591925
2019-07-08;10.76712;10.58883125;NA;10.297785;10.17668;10.6078333333333
2019-07-09;10.7814010344828;10.6099062068966;10.2713375;10.313728;10.1883023333333;10.6249104166667
2019-07-10;10.7980125806452;10.6297816129032;10.2883454166667;10.3180297142857;10.2009988571429;10.642975
2019-07-11;10.8137809090909;10.6517797727273;10.29849625;10.33237375;10.21845625;10.6577325
2019-07-12;10.8285545;10.672369;10.3099336363636;10.345334;10.236196;10.6758965217391
2019-07-13;10.8456558695652;10.6954847826087;10.3224907692308;10.3580454166667;10.2542466666667;10.6956195833333
2019-07-14;10.8577683333333;10.7141683333333;10.33971;10.3736708;10.2729316;10.7119877777778
2019-07-15;10.8759826315789;10.7389794736842;10.368358;10.39689125;10.2969545833333;10.7323061111111
2019-07-16;10.8951147826087;10.7528091304348;10.3756683333333;10.425455;10.32486;10.7503204347826
2019-07-17;10.9078641666667;10.7693991666667;10.3830066666667;10.4605941666667;10.35822625;10.7659979166667
2019-07-18;10.9234804347826;10.7904360869565;10.41102;10.4853075;10.3787025;10.78320125
2019-07-19;10.9394204347826;10.81229;10.42336875;10.49611;10.3992670833333;10.8002345833333
2019-07-20;10.9526961904762;10.8396471428571;10.443855;10.5066331818182;10.4224186363636;10.8168947619048
2019-07-21;10.9673052173913;10.8586186956522;10.4564808333333;10.5256070833333;10.462445;10.8359491666667
2019-07-22;10.9854352173913;10.8799526086957;10.4768269565217;10.5489854166667;10.4891604166667;10.8504547826087
2019-07-23;11.00989375;10.8979141666667;10.4904904166667;10.5653866666667;10.51964375;10.8649686956522
2019-07-24;11.03682;10.9167091304348;10.5070830434783;10.5872030434783;10.5417239130435;10.8782486956522
2019-07-25;11.06128625;10.9376125;10.5272616666667;10.6048404347826;10.56635;10.8971004347826
2019-07-26;11.0848166666667;10.9596975;10.5417054545455;10.6212934782609;10.5894517391304;10.91800625
2019-07-27;11.1065458333333;10.9831425;10.5632170833333;10.64013625;10.61559375;10.9419095652174
2019-07-28;11.127287826087;11.0026630434783;10.5857804347826;10.6692970833333;10.648705;10.9659083333333
2019-07-29;11.1514445833333;11.0138583333333;10.6037663636364;10.7044141666667;10.6747791666667;10.9897295833333
2019-07-30;11.1753863636364;11.0317968181818;10.6175047826087;10.727415;10.6934679166667;11.0155695652174
2019-07-31;11.196815;11.0540183333333;10.6368343478261;10.7445359090909;10.7171913636364;11.03799875
2019-08-01;11.2208095833333;11.0742804166667;10.6454876190476;10.7645426086957;10.7170117391304;11.0616216666667
2019-08-02;11.2408658333333;11.11275375;10.6644166666667;10.7554026086957;10.7156456521739;11.0826065217391
2019-08-03;11.2556617391304;11.151787826087;10.6862660869565;10.7438345833333;10.7257141666667;11.1032008333333
2019-08-04;11.2707282608696;11.1876339130435;10.7065081818182;10.7353013636364;10.7429336363636;11.1239547826087
2019-08-05;11.287122173913;11.221022173913;10.7302328571429;10.7391825;10.7656558333333;11.1453295833333
2019-08-06;11.3030069565217;11.2481747826087;10.7546247826087;10.7546572727273;10.7890309090909;11.1658373913043
2019-08-07;11.31732875;11.2753145833333;10.7799881818182;10.7752381818182;10.8150777272727;11.1863173913043
2019-08-08;11.3369205263158;11.2916278947368;10.7993918181818;10.807539047619;10.8384519047619;11.2087105
2019-08-09;11.3601686363636;11.3124436363636;10.8184090909091;10.8291273913043;10.8601847826087;11.23299
2019-08-10;11.3799933333333;11.3360238095238;10.8411608695652;10.8468963636364;10.8882922727273;11.2551161904762
2019-08-11;11.4024876190476;11.3551633333333;10.8597755;10.8828213636364;10.915065;11.2775528571429
2019-08-12;11.4248757894737;11.3759963157895;10.88119;10.9021354545455;10.9361231818182;11.2979510526316
2019-08-13;11.4453515789474;11.3969089473684;10.8980672222222;10.9201852631579;10.9603352631579;11.3197615
2019-08-14;11.4654865;11.41923;10.9185871428571;10.9381123529412;10.9824605882353;11.339742
2019-08-15;11.4854476470588;11.4400482352941;10.9413828571429;10.9631785;11.008441;11.3589483333333
2019-08-16;11.5111661904762;11.4634195238095;10.9631766666667;10.9884083333333;11.0348688888889;11.3787373684211
2019-08-17;11.532795;11.490595;10.9838604761905;11.0182936363636;11.0679445454545;11.4009361111111
2019-08-18;11.5522510526316;11.5177721052632;11.0058035;11.0494868181818;11.0984295454545;11.4171255
2019-08-19;11.5706465217391;11.5449291304348;11.0262265217391;11.0794218181818;11.1285231818182;11.4382426086957
2019-08-20;11.5851823809524;11.5623428571429;11.0439685714286;11.1014431578947;11.1481989473684;11.4558481818182
2019-08-21;11.6060722222222;11.5824861111111;11.0633080952381;11.1212738888889;11.1634011111111;11.476095
2019-08-22;11.6339452;11.5981196;11.0830427272727;11.1473344444444;11.1902614814815;11.4963289473684
2019-08-23;11.6535122222222;11.6148030555556;11.1015289473684;11.17058;11.2169844444444;11.5140886363636
2019-08-24;11.67123225;11.6375345;11.1206436363636;11.1983255;11.247416;11.5319230434783
2019-08-25;11.6872585;11.65800125;11.1420122727273;11.2298166666667;11.2757492592593;11.5497479166667
2019-08-26;11.7063336363636;11.6816863636364;11.1613818181818;11.2602618181818;11.3043763636364;11.5659895454545
2019-08-27;11.72705375;11.70469125;11.1829847368421;11.289688125;11.331985;11.5834779166667
2019-08-28;11.7456205;11.726538;11.2020261111111;11.3178277777778;11.3595083333333;11.6002627272727
2019-08-29;11.7669273913043;11.748027826087;11.2224495652174;11.3438217647059;11.3882594117647;11.6174556521739
2019-08-30;11.7870372222222;11.7678733333333;11.24016;11.3713561904762;11.4152080952381;11.6333684210526
2019-08-31;11.8081763157895;11.7866047368421;11.2593115;11.3974272222222;11.4410838888889;11.6521057894737
2019-09-01;11.8303745;11.8076285;11.2766886363636;11.4236963157895;11.4689421052632;11.6670772727273
2019-09-02;11.8540305263158;11.8274984210526;11.2930744444444;11.4462605882353;11.4923170588235;11.6834042857143
2019-09-03;11.8804715789474;11.8489505263158;11.3120727777778;11.4697311111111;11.5160383333333;11.700807
2019-09-04;11.903196;11.8674645;11.33087;11.4949433333333;11.541530952381;11.715988
2019-09-05;11.9252715789474;11.8854752631579;11.3476180952381;11.5196161904762;11.5659180952381;11.732757
2019-09-06;11.9442611111111;11.8997438888889;11.3640047368421;11.5426763636364;11.5866527272727;11.7472015
2019-09-07;11.9642595238095;11.9151247619048;11.3829640909091;11.5644252173913;11.6039860869565;11.76593
2019-09-08;11.9836947619048;11.9264485714286;11.3964733333333;11.5866968181818;11.6232495454545;11.7806071428571
2019-09-09;12.000722;11.938379;11.4144195238095;11.6065977777778;11.6418016666667;11.7966884210526
2019-09-10;12.0210905;11.9528375;11.4321282352941;11.6268586666667;11.6623113333333;11.812488
2019-09-11;12.0405257142857;11.9636261904762;11.4484872222222;11.6472371428571;11.6826371428571;11.8290295652174
2019-09-12;12.0591457894737;11.9726126315789;11.4649380952381;11.6669814285714;11.7021619047619;11.8438215
2019-09-13;12.0787682352941;11.9849335294118;11.482984375;11.68801;11.723006;11.8580689473684
2019-09-14;12.1020890909091;12.0000209090909;11.5046815384615;11.7055953333333;11.743044;11.8740583333333
2019-09-15;12.125831;12.003136;11.5217854545455;11.7334744444444;11.7707466666667;11.895702
2019-09-16;12.1306685714286;11.69751;11.528151875;11.7474606666667;11.773002;11.9063105882353
2019-09-17;12.1451369230769;11.8520430769231;11.5472629411765;11.76810125;11.79164125;11.9215075
2019-09-18;12.15940125;11.8313725;11.5621559090909;11.7867340909091;11.8111140909091;11.9356881818182
2019-09-19;12.175950625;11.811325625;11.5759416666667;11.8116805882353;11.8299558823529;11.9497936842105
2019-09-20;12.1887078947368;11.8326973684211;11.5935;11.8388352941176;11.8400517647059;11.9639957142857
2019-09-21;12.2065266666667;11.9204561111111;11.6091670588235;11.8724405882353;11.8595841176471;11.9768671428571
2019-09-22;12.22254;11.9187223809524;11.6234092857143;11.8988875;11.87923375;11.98911
2019-09-23;12.2349213333333;11.58518;11.6358905555556;11.9274694117647;11.9167317647059;12.0011182352941
2019-09-24;12.24959;11.832670952381;11.65286375;11.958759375;11.931893125;12.014503
2019-09-25;12.2647157142857;11.80095;11.6656781818182;11.9771723076923;11.9525153846154;12.026175625
2019-09-26;12.277526;11.82935;11.6809864705882;12.0028564285714;11.9746271428571;12.0374794117647
2019-09-27;12.2898990909091;11.840315;11.6970617647059;12.0225694117647;11.9931329411765;12.0477166666667
2019-09-28;12.3056427272727;11.8213890909091;11.7149866666667;12.0459653846154;12.0161223076923;12.059305
2019-09-29;12.31397375;11.7758933333333;11.7256940909091;12.0603231818182;12.0288577272727;12.0676540909091
2019-09-30;12.3256575;11.8454233333333;11.7393795454545;12.0771482608696;12.0411982608696;12.0776752173913
2019-10-01;12.33784625;11.8014841666667;11.7538234782609;12.094225;12.0551558333333;12.0868158333333
2019-10-02;12.3455920833333;11.5304970833333;11.76661375;12.1062466666667;12.08601875;12.0947756521739
2019-10-03;12.3555191304348;11.6441573913043;11.7805783333333;12.1269157692308;12.1054396153846;12.1045027272727
2019-10-04;12.36545625;11.6401883333333;11.7957147058824;12.14261;12.1170972;12.1134091666667
2019-10-05;12.3746520833333;11.57584875;11.8103829411765;12.1541795833333;12.1300229166667;12.1208279166667
2019-10-06;12.3825747826087;11.5041626086957;11.8199494117647;12.1667783333333;12.1495041666667;12.1288717391304
2019-10-07;12.3899504347826;11.4860339130435;11.8334725;12.180615;12.1708991666667;12.1349166666667
2019-10-08;12.399505;11.4918179166667;11.8481788888889;12.1960308333333;12.1853679166667;12.1426329411765
2019-10-09;12.40512625;11.46150125;11.85435;12.20599625;12.21002125;12.1503353333333
2019-10-10;12.4128316;11.4905752;11.860922173913;12.2289916666667;12.2271966666667;12.1573236842105
2019-10-11;12.4287466666667;11.5185945833333;11.8746475;12.2456530434783;12.23996;12.1649936842105
2019-10-12;12.4362595652174;11.5162517391304;11.8890454545455;12.2533059090909;12.2509109090909;12.17027
2019-10-13;12.4366191666667;11.50918875;11.9027075;12.2621134782609;12.2613786956522;12.1757673333333
2019-10-14;12.4399275;11.5083616666667;11.9152416666667;12.2673720833333;12.270055;12.1810652941176
2019-10-15;12.4419125;11.504264;11.9268131818182;12.2740866666667;12.2806075;12.1839572727273
2019-10-16;12.4456295238095;11.5093966666667;11.9354381818182;12.2848473913043;12.3008413043478;12.1888231818182
2019-10-17;12.4537434782609;11.5222830434783;11.9480591304348;12.2976854166667;12.3099116666667;12.1933665217391
2019-10-18;12.4596982352941;11.5260535294118;11.9592605882353;12.306099047619;12.3208257142857;12.1987728571429
2019-10-19;12.4511934782609;11.5076491304348;11.9546652380952;12.3062876190476;12.3310238095238;12.202119
2019-10-20;12.4566613636364;11.5232713636364;11.9536395454545;12.329007826087;12.3415995652174;12.2081036363636
2019-10-21;12.4768858823529;11.5531829411765;11.9647765217391;12.3474833333333;12.3511752380952;12.2185683333333
2019-10-22;12.4737242105263;11.5361942105263;11.9688094117647;12.3526333333333;12.3611595833333;12.225497
2019-10-23;12.475243;11.5791055;11.9770923809524;12.36474;12.3689620833333;12.2328495238095
2019-10-24;12.483109;11.7592045;11.99079;12.3735119047619;12.3560171428571;12.2400104761905
2019-10-25;12.4839018181818;12.0912440909091;12.0058395;12.37915375;12.3837204166667;12.24228
2019-10-26;12.4885652173913;12.1587195652174;12.0177785714286;12.3825979166667;12.3893929166667;12.2452566666667
2019-10-27;12.494465;12.17503375;12.0328642857143;12.38611;12.3943269565217;12.2476
2019-10-28;12.5003908333333;12.18656125;12.0470069565217;12.3903095833333;12.3956545833333;12.2513556521739
2019-10-29;12.50585;12.195174;12.0536;12.39246;12.3992641176471;12.2527585714286
2019-10-30;12.5118953846154;12.2073961538462;12.0698464285714;12.4006558333333;12.3992316666667;12.25596
2019-10-31;12.5182143478261;12.2107952173913;12.0762695454545;12.4055956521739;12.4026630434783;12.2594263636364
2019-11-01;12.52238;12.2151742857143;12.0859895454545;12.4097;12.4040326086957;12.2622804347826
2019-11-02;12.5238636363636;12.2164;12.0905054166667;12.41449;12.4163743478261;12.264255
2019-11-03;12.5250608695652;12.2137304347826;12.09307;12.4198259259259;12.4310151851852;12.2660669565217
2019-11-04;12.5248379166667;12.2096316666667;12.094432173913;12.4261095652174;12.4454230434783;12.267725
2019-11-05;12.5244018181818;12.2142386363636;12.097199;12.4331076190476;12.4547361904762;12.2696834782609
2019-11-06;12.52666;12.2160670833333;12.1021860869565;12.4360424;12.4589692;12.2710125
2019-11-07;12.5289933333333;12.2223004166667;12.10781;12.4402891666667;12.4613075;12.2708516666667
2019-11-08;12.5289933333333;12.2274404166667;12.117904;12.43811;12.4608286956522;12.2710886363636
2019-11-09;12.5288254166667;12.2328579166667;12.1283983333333;12.4337707692308;12.4526057692308;12.2697168
2019-11-10;12.5305045833333;12.2373204166667;12.14052;12.42893;12.4308308;12.26789
2019-11-11;12.5323230434783;12.2414334782609;12.1507666666667;12.4214761538462;12.4110219230769;12.2662395
2019-11-12;12.53521625;12.2473533333333;12.1619708333333;12.4130766666667;12.4026845833333;12.264255
2019-11-13;12.5396626086957;12.2515534782609;12.1740495652174;12.4030491304348;12.4072291304348;12.2629366666667
2019-11-14;12.5435983333333;12.2559170833333;12.1819304166667;12.39755625;12.4119016666667;12.2599891666667
2019-11-15;12.5468619230769;12.2580280769231;12.1889926086957;12.3950426086957;12.4150169565217;12.2601646153846
2019-11-16;12.5504454166667;12.2590279166667;12.1976027272727;12.39999;12.418207826087;12.25938
2019-11-17;12.5540177272727;12.2580536363636;12.2064683333333;12.40271;12.4204465217391;12.2581904347826
2019-11-18;12.5563472727273;12.25592;12.2077833333333;12.4074468181818;12.4226995454545;12.2583613636364
2019-11-19;12.56006;12.2528840909091;12.2144568181818;12.4165645454545;12.4253681818182;12.2578733333333
2019-11-20;12.5614558333333;12.2508270833333;12.2214258333333;12.421935;12.4261975;12.2565872727273
2019-11-21;12.5608660869565;12.2475865217391;12.2270131818182;12.425845;12.4262395454545;12.2541117391304
2019-11-22;12.5585054166667;12.244405;12.2320630434783;12.4281543478261;12.4267191304348;12.2498126086957
2019-11-23;12.5558665;12.239546;12.2362475;12.4302469565217;12.4260552173913;12.2450239130435
2019-11-24;12.5549483333333;12.2351454166667;12.2403920833333;12.4306475;12.4265270833333;12.2404975
2019-11-25;12.553189047619;12.2285504761905;12.2455343478261;12.4311208695652;12.4257256521739;12.2354961904762
2019-11-26;12.5496183333333;12.22378125;12.2489508695652;12.4291491666667;12.4255658333333;12.2295939130435
2019-11-27;12.5437656521739;12.2173382608696;12.2478977272727;12.42633375;12.4262066666667;12.22343625
2019-11-28;12.5391119047619;12.2098823809524;12.2462091304348;12.42559;12.4272230434783;12.2172236363636
2019-11-29;12.5328225;12.2025555;12.232010952381;12.4240677272727;12.4417418181818;12.2086318181818
2019-11-30;12.5274920833333;12.1872325;12.2256770833333;12.4195008;12.4516564;12.2020926086957
2019-12-01;12.5245158333333;12.17272625;12.230164137931;12.4134592307692;12.4413969230769;12.1923909090909
2019-12-02;12.5173271428571;12.1635866666667;12.2371425;12.4075961904762;12.426969047619;12.181052173913
2019-12-03;12.5095908333333;12.1567433333333;12.2462536;12.40203;12.4162;12.1655622727273
2019-12-04;12.5016840909091;12.1491709090909;12.2535491666667;12.3945130434783;12.4111265217391;12.1509004545455
2019-12-05;12.4947958333333;12.1402575;12.2603070833333;12.3832520833333;12.4044479166667;12.1375891304348
2019-12-06;12.48822;12.1282795652174;12.2670169565217;12.3707086956522;12.3968626086957;12.1240873913043
2019-12-07;12.4819135;12.115717;12.2683816666667;12.3596804166667;12.3889041666667;12.1100026086957
2019-12-08;12.4769618181818;12.1031363636364;12.27281875;12.3495245454545;12.3827145454545;12.0969977272727
2019-12-09;12.47082;12.0938158333333;12.2719991666667;12.342145;12.3755857142857;12.0871358333333
2019-12-10;NA;NA;12.26837;12.331485;12.367525;NA
2019-12-11;12.4481416666667;12.0654183333333;12.268384;12.3233933333333;12.3583833333333;12.0543816666667
2019-12-12;12.44092;12.052185;12.26494125;12.311464;12.347254;12.0369725
2019-12-13;12.422778;12.036378;12.25959;12.3042185714286;12.3380285714286;12.02321
2019-12-14;12.4032466666667;12.0214388888889;12.2502971428571;12.2871552941176;12.3279305882353;12.00103
2019-12-15;12.3906391304348;12.0147013043478;12.250415;12.2799212;12.3214472;11.9880542857143
2019-12-16;12.3723354166667;12.00077625;12.2443247826087;12.2727808333333;12.31250125;11.9717725
2019-12-17;12.3560452;11.98699;12.2374386956522;12.2630908;12.3050696;11.9560745454545
2019-12-18;12.3432791666667;11.9710625;12.2307775;12.2501086956522;12.294927826087;11.9402926086957
2019-12-19;12.3288886956522;11.9534030434783;12.2210929166667;12.2353945833333;12.2830570833333;11.9259473913043
2019-12-20;12.3139323529412;11.9362329411765;12.2133959090909;12.2212908333333;12.2715233333333;11.9129622727273
2019-12-21;12.3024422727273;11.9202886363636;12.20844;12.2040890909091;12.2551436363636;11.898152173913
2019-12-22;12.2909772222222;11.9017344444444;12.2008604166667;12.1901304166667;12.2372975;11.8797852173913
2019-12-23;12.2779285;11.872009;12.1906529166667;12.17764625;12.22330375;11.8622619047619
2019-12-24;12.2636508695652;11.8624660869565;12.1809213043478;12.1664608333333;12.2148820833333;11.8431142857143
2019-12-25;12.2471817391304;11.8500534782609;12.175937826087;12.1554891666667;12.20175375;11.8209756521739
2019-12-26;12.230042173913;11.8366165217391;12.1606065217391;12.1359554166667;12.1915375;11.8007817391304
2019-12-27;12.2176873913043;11.8019695652174;12.1515113043478;12.1145940909091;12.1631054545455;11.780342
2019-12-28;12.2019540909091;11.7803345454545;12.14748625;12.0924404166667;12.14057375;11.7570139130435
2019-12-29;12.19294;11.7723226086957;12.1102795;12.0605365217391;12.1098660869565;11.7397716666667
2019-12-30;12.174867;11.755694;12.08751375;12.0308820833333;12.08000125;11.7236238095238
2019-12-31;12.1591826315789;11.7429763157895;12.0671052173913;11.995077826087;12.0452808695652;11.703562
2020-01-01;12.1425116666667;11.7298104166667;12.0502656521739;11.9628591304348;12.0132734782609;11.68501
2020-01-02;12.12851375;11.7160891666667;12.0373647826087;11.93346125;11.9815595833333;11.672232173913
2020-01-03;12.1157163636364;11.6993736363636;12.0223969565217;11.9054008695652;11.9488226086957;11.655032
2020-01-04;12.0948134782609;11.6817743478261;12.0060286956522;11.8783039130435;11.9157495652174;11.6409886956522
2020-01-05;12.0855431818182;11.6618759090909;11.997685;11.8493372727273;11.8847154545455;11.6244956521739
2020-01-06;12.0711995833333;11.6403445833333;11.9833404347826;11.8229979166667;11.8575429166667;11.6062695652174
2020-01-07;12.0585534782609;11.6181165217391;11.9683458333333;11.8026491304348;11.8320995652174;11.596305
2020-01-08;12.0404008333333;11.59587375;11.9597783333333;11.7917459090909;11.8079045454545;11.574255
2020-01-09;12.0321622727273;11.5781563636364;11.9404629166667;11.7646913043478;11.7840613043478;11.5659936363636
2020-01-10;12.0143658333333;11.55402875;11.9316438095238;11.7494239130435;11.7603056521739;11.5510918181818
2020-01-11;12.0003409090909;11.5350045454545;11.9122708333333;11.7219841666667;11.7410591666667;11.5286666666667
2020-01-12;11.9803936363636;11.5111804545455;11.8911558333333;11.7048608333333;11.7199191666667;11.516097826087
2020-01-13;11.9720695652174;11.4905408695652;11.8794295833333;11.6893347826087;11.7000017391304;11.5069258333333
2020-01-14;11.9545204347826;11.4710026086957;11.8581843478261;11.6647747826087;11.6796369565217;11.4762173913043
2020-01-15;11.9426042857143;11.4477066666667;11.84675;11.6461045833333;11.66065;11.4608547619048
2020-01-16;11.9313008333333;11.4290516666667;11.8366586956522;11.6405020833333;11.6428879166667;11.4479379166667
2020-01-17;11.9164119047619;11.40723;11.81807;11.6108286956522;11.6228886956522;11.4350131818182
2020-01-18;11.8964357142857;11.3932;11.8071154545455;11.6029095652174;11.6048430434783;11.4222434782609
2020-01-19;11.8842958333333;11.3664533333333;11.7860471428571;11.57874875;11.5886579166667;11.4033408695652
2020-01-20;11.880239047619;11.3507995238095;11.78205125;11.568372173913;11.5708643478261;11.3943845454545
2020-01-21;11.8579141666667;11.3331291666667;11.7673570833333;11.5429426086957;11.5540095652174;11.3641095652174
2020-01-22;11.8399265217391;11.3121786956522;11.758726;11.5340410526316;11.5402110526316;11.35118875
2020-01-23;11.8359486363636;11.2945304545455;11.7431156521739;11.5120270833333;11.5221958333333;11.342135
2020-01-24;11.8148959090909;11.2757504545455;11.7312786363636;11.4941904761905;11.5061523809524;11.3329414285714
2020-01-25;11.8149547826087;11.2544047826087;11.7159854166667;11.48846625;11.4886425;11.3170779166667
2020-01-26;11.7945641666667;11.2325158333333;11.70623875;11.4756832;11.4670444;11.2978045454545
2020-01-27;11.7832847826087;11.217732173913;11.6865756521739;11.4535054545455;11.4479790909091;11.2887990909091
2020-01-28;11.7689894736842;11.2032668421053;11.6857104347826;11.4437931818182;11.4228736363636;11.2723316666667
2020-01-29;11.7662347826087;11.1793247826087;11.6984704545455;11.4294136363636;11.3940645454545;11.2562413636364
2020-01-30;11.7554595833333;11.1653704166667;11.6912317391304;11.4161834782609;11.3715139130435;11.2411245454545
2020-01-31;11.7486161904762;11.1493961904762;11.6764052173913;11.4120560869565;11.3536256521739;11.2299779166667
2020-02-01;11.73053;11.1331758333333;11.6645026086957;11.3890633333333;11.3367941666667;11.2105926086957
2020-02-02;11.7090517391304;11.1145591304348;11.6543352173913;11.3819604347826;11.3199147826087;11.1968204347826
2020-02-03;11.70254;11.0873840909091;11.6660556521739;11.36302;11.3029091304348;11.1742730434783
2020-02-04;11.690739375;11.0727075;11.6508845;11.351798;11.296194;11.1562247368421
2020-02-05;11.6686158333333;11.0511983333333;11.6182905555556;11.3426644444444;11.2790216666667;11.1463
2020-02-06;11.6524364705882;11.0365241176471;11.5768354166667;11.3263858333333;11.27168;11.1247780952381
2020-02-07;11.6396640909091;11.0214731818182;11.53116;11.3175843478261;11.2564030434783;11.1263539130435
2020-02-08;11.6263341666667;10.9950841666667;11.4859482608696;11.31319375;11.24048875;11.10370625
2020-02-09;11.6008970833333;10.96684375;11.4641873913043;11.274745;11.2217179166667;11.0911566666667
2020-02-10;11.590655;10.94259125;11.4418583333333;11.2481791666667;11.1991925;11.0743672727273
2020-02-11;11.5698904761905;10.9169576190476;11.4251475;11.24107375;11.1777658333333;11.0650447826087
2020-02-12;11.5521620833333;10.8957475;11.4163526086957;11.2174754166667;11.1539304166667;11.0440979166667
2020-02-13;11.5366216666667;10.8749754166667;11.389587826087;11.201507826087;11.1328143478261;11.0388391304348
2020-02-14;11.5236040909091;10.8518159090909;11.4072720833333;11.1853966666667;11.099190952381;11.0196358333333
2020-02-15;11.4984545833333;10.8347291666667;11.3829340909091;11.1576666666667;11.0790133333333;10.9988225
2020-02-16;11.48438875;10.8192854166667;11.3605829166667;11.1451620833333;11.0661883333333;10.988997826087
2020-02-17;11.4853686363636;10.7936140909091;11.3356695652174;11.12816125;11.04494875;10.9676919047619
2020-02-18;11.4368515384615;10.7729823076923;11.3139992307692;11.0856414285714;11.0215935714286;10.9472269230769
2020-02-19;11.4382123809524;10.7528219047619;11.3040486956522;11.0860245833333;11.0006329166667;10.9546717391304
2020-02-20;11.41941125;10.7371354166667;11.2656804761905;11.069005;10.9826704166667;10.9346730434783
2020-02-21;11.39706875;10.7313170833333;11.2578845833333;11.0495025;10.9666304166667;10.91304625
2020-02-22;11.39409875;10.708;11.2182965217391;11.0438052173913;10.9496469565217;10.9077704347826
2020-02-23;11.3559838095238;10.6828319047619;11.1980704545455;11.0168468181818;10.9289936363636;10.8880415789474
2020-02-24;11.3521316666667;10.663025;11.17637;10.984601;10.9095135;10.8750605555556
2020-02-25;11.3347116666667;10.6472641666667;11.1735379166667;10.9775652173913;10.892967826087;10.8639381818182
2020-02-26;11.3160204166667;10.6364483333333;11.1804380952381;10.9530747826087;10.8603573913043;10.8589243478261
2020-02-27;11.3029259090909;10.6208109090909;11.172860952381;10.9525694736842;10.8445852631579;10.8304880952381
2020-02-28;11.2938229166667;10.59633;11.2108686956522;10.9432125;10.8234666666667;10.8209245833333
2020-02-29;11.2843595652174;10.5930317391304;11.1901033333333;10.9394045833333;10.82019625;10.8172754166667
2020-03-01;11.26674;10.5718230434783;11.18215375;10.9299508695652;10.8074047826087;10.7919404545455
2020-03-02;11.2424871428571;10.5660319047619;11.1305866666667;10.9037195652174;10.800067826087;10.7857071428571
2020-03-03;11.2187156521739;10.5530473913043;11.0542795833333;10.89375;10.7845208333333;10.7785725
2020-03-04;11.1822731818182;10.5386990909091;10.98344;10.8659545833333;10.7758308333333;10.7377152173913
2020-03-05;11.1726380952381;10.4997714285714;10.9940520833333;10.8530591666667;10.7643570833333;10.7336263636364
2020-03-06;11.1756856521739;10.7332343478261;11.1650675;10.8538182608696;10.7670895652174;10.7332045833333
2020-03-07;11.14993375;10.5002166666667;10.8962826086957;10.8011138095238;10.7351714285714;10.7063829166667
2020-03-08;11.0983991666667;10.46705625;10.81253625;10.7529254166667;10.6949279166667;10.6813895833333
2020-03-09;11.0626168181818;10.4496372727273;10.7882729166667;10.71765875;10.65527375;10.6665123809524
2020-03-10;11.0372977272727;10.4351004545455;10.7405895652174;10.7010879166667;10.6111729166667;10.6586695454545
2020-03-11;11.0120376190476;10.4199776190476;10.7418017391304;10.6674104347826;10.577802173913;10.6535934782609
2020-03-12;10.9711488235294;10.4000235294118;10.7021583333333;10.6533908333333;10.54952875;10.6271408695652
2020-03-13;10.9414934782609;10.3815939130435;10.6911775;10.6250583333333;10.5198233333333;10.6176220833333
2020-03-14;10.9290347826087;10.3654039130435;10.6722195833333;10.61063625;10.49359375;10.6167929166667
2020-03-15;10.91517375;10.3473670833333;10.67078;10.5930683333333;10.4694870833333;10.6070519047619
2020-03-16;10.8874575;10.3350229166667;10.6517779166667;10.5773279166667;10.4501516666667;10.5889330434783
2020-03-17;10.8845269565217;10.322067826087;10.6484254166667;10.5680441666667;10.4337083333333;10.5797730434783
2020-03-18;10.8690429166667;10.3118370833333;10.64046625;10.55312625;10.4135358333333;10.5753720833333
2020-03-19;10.86622875;10.3043191666667;10.6234452173913;10.5347216666667;10.3928445833333;10.5702586956522
2020-03-20;10.8408347619048;10.2859852380952;10.6202970833333;10.5279204166667;10.3767445833333;10.5629252380952
2020-03-21;10.8389668181818;10.2821068181818;10.6640558333333;10.5237039130435;10.3648747826087;10.5616161904762
2020-03-22;10.8225339130435;10.2794213043478;10.6201554545455;10.4934404347826;10.3537291304348;10.5489895652174
2020-03-23;10.8167645833333;10.275645;10.5906182608696;10.4833095454545;10.3371668181818;10.5310117391304
2020-03-24;10.7774926086957;10.2710708695652;10.5412969565217;10.4853091666667;10.3243708333333;10.5251308695652
2020-03-25;10.7657879166667;10.25912125;10.5307741666667;10.4765266666667;10.3104254166667;10.527372173913
2020-03-26;10.7533391666667;10.2576091666667;10.5154204347826;10.46094;10.29513875;10.5055608695652
2020-03-27;10.7452552173913;10.2526160869565;10.4876508333333;10.4525995652174;10.2855034782609;10.4991713043478
2020-03-28;10.74071875;10.243095;10.473037826087;10.4344173913043;10.2731573913043;10.4941525
2020-03-29;10.7346860869565;10.2313573913043;10.4698886956522;10.4236063636364;10.2662090909091;10.4992277272727
2020-03-30;10.7176233333333;10.22422625;10.4517380952381;10.4201915;10.254171;10.4765725
2020-03-31;10.7062782608696;10.2181260869565;10.4511182608696;10.42046;10.2447195238095;10.4780541666667
2020-04-01;10.7069908333333;10.2063766666667;10.4375560869565;10.4101826086957;10.2406013043478;10.4566666666667
2020-04-02;10.7053891304348;10.1977356521739;10.4195170833333;10.4005483333333;10.2314175;10.4631308333333
2020-04-03;10.6867366666667;10.1891716666667;10.4251775;10.3939129166667;10.22944625;10.453525
2020-04-04;10.6845729166667;10.1836691666667;10.40417;10.3862869565217;10.2234917391304;10.4407034782609
2020-04-05;10.6805691666667;10.1766583333333;10.3888541666667;10.375155;10.21812;10.4364558333333
2020-04-06;10.6749220833333;10.1696358333333;10.3903425;10.3723354166667;10.21910625;10.4410933333333
2020-04-07;10.6677463636364;10.1588177272727;10.3862565217391;10.3613263636364;10.2194754545455;10.4337518181818
2020-04-08;10.6505755;10.1586595;10.3678369565217;10.3660340909091;10.2235890909091;10.4238113636364
2020-04-09;10.6556086363636;10.1462477272727;10.3669543478261;10.3563256521739;10.2190343478261;10.4228520833333
2020-04-10;10.6445308695652;10.1461817391304;10.3628425;10.3565043478261;10.2140556521739;10.4157158333333
2020-04-11;10.63853375;10.1395904166667;10.3549426086957;10.3519241666667;10.2118833333333;10.3979181818182
2020-04-12;10.63438875;10.1305679166667;10.3568743478261;10.3247054166667;10.20808625;10.4088613043478
2020-04-13;10.6280526086957;10.1249417391304;10.3395225;10.3301852173913;10.2015230434783;10.4034491666667
2020-04-14;10.62391125;10.11638125;10.3250166666667;10.3288638095238;10.1949366666667;10.4088617391304
2020-04-15;10.613945;10.118555;10.316185;10.3135779166667;10.1865358333333;10.3963852173913
2020-04-16;10.61310375;10.1035208333333;10.4138429166667;10.3240354166667;10.1626970833333;10.4003665217391
2020-04-17;10.621020952381;10.10798;10.4772222727273;10.2794126086957;10.1258565217391;10.3846113043478
2020-04-18;10.59181;10.1008552173913;10.4641525;10.21958375;10.1051504166667;10.3627977272727
2020-04-19;10.5876386956522;10.0865582608696;10.4810134782609;10.1648480952381;10.0814585714286;10.360803
2020-04-20;10.5650930434783;10.0811482608696;10.4848360869565;10.1258126086957;10.0680282608696;10.3441808333333
2020-04-21;10.5620779166667;10.08614;10.4890108695652;10.121459;10.05372;10.3355969565217
2020-04-22;10.5399923529412;10.0970323529412;10.4768904761905;10.0945561904762;10.0421547619048;10.35046
2020-04-23;10.5316171428571;10.1123778571429;10.4608781818182;10.1023709090909;10.0348540909091;10.3307427777778
2020-04-24;10.5272805;10.114581;10.4467743478261;10.1004241666667;10.0339308333333;10.3345691666667
2020-04-25;10.5281426086957;10.1120239130435;10.434154;10.0909468181818;10.0267913636364;10.3430613636364
2020-04-26;10.5206895;10.1183775;10.428757;10.1139663636364;10.0264227272727;10.3446863636364
2020-04-27;10.5114804347826;10.122832173913;10.432165;10.1062091304348;10.0196113043478;10.3524879166667
2020-04-28;10.5137347826087;10.1308391304348;10.4453304166667;10.1250395454545;10.0071990909091;10.3512004545455
2020-04-29;10.5085225;10.1484385;10.4457291304348;10.12004375;9.99689441666667;10.3579633333333
2020-04-30;10.503375;10.1621516666667;10.4325175;10.1086408695652;9.99058234782609;10.3642645833333
2020-05-01;10.5115170833333;10.1653045833333;10.357110952381;10.0902495652174;9.99865182608696;10.3736934782609
2020-05-02;10.4963826086957;10.1437347826087;10.2341229166667;10.11166;10.0282420952381;10.3835275
2020-05-03;10.51118875;10.1529658333333;10.2368186956522;10.1412469565217;10.0481143478261;10.3876725
2020-05-04;10.5115204166667;10.1678016666667;10.21895875;10.153695;10.0666245454545;10.4011283333333
2020-05-05;10.5331275;10.1768054166667;10.2404756521739;10.1717304166667;10.0752341666667;10.4173791666667
2020-05-06;10.5565934782609;10.183792173913;10.2924954166667;10.1889239130435;10.0635626086957;10.4252982608696
2020-05-07;10.56492;10.1928691304348;10.2646583333333;10.2034533333333;10.077205;10.439095
2020-05-08;10.5574116666667;10.2032020833333;10.230897826087;10.2002795454545;10.0972972727273;10.447262173913
2020-05-09;10.5778218181818;10.2149213636364;10.2155276190476;10.204455;10.1010590909091;10.4631726086957
2020-05-10;10.5852563636364;10.2303881818182;10.2147165217391;10.2369135;10.1131315;10.465565
2020-05-11;10.5885169565217;10.2445939130435;10.2275276190476;10.2375642857143;10.1171576190476;10.4807654545455
2020-05-12;10.5973647826087;10.2567895652174;10.2259240909091;10.2388366666667;10.1234041666667;10.4924791666667
2020-05-13;10.60662125;10.2652895833333;10.2173360869565;10.259390952381;10.1284352380952;10.4972691304348
2020-05-14;10.60864;10.27577;10.2387776190476;10.2665786956522;10.1274043478261;10.5140579166667
2020-05-15;10.6236877272727;10.2877309090909;10.2370295454545;10.2671060869565;10.1359826086957;10.5195009090909
2020-05-16;10.6323845833333;10.3003291666667;10.2227304347826;10.2597691666667;10.1434495833333;10.5263258333333
2020-05-17;10.6314918181818;10.3123040909091;10.2202933333333;10.2771426086957;10.1501913043478;10.53908
2020-05-18;10.64834;10.3241879166667;10.21778625;10.2820104166667;10.1592308333333;10.5504504761905
2020-05-19;10.6599722727273;10.3377809090909;10.2208052173913;10.3030514285714;10.1663776190476;10.5546114285714
2020-05-20;10.6663891304348;10.34975;10.2196578947368;10.29735;10.1729647619048;10.5671513043478
2020-05-21;10.6648265217391;10.3558334782609;10.25581625;10.3102531818182;10.16869;10.57536875
2020-05-22;10.6819083333333;10.3617158333333;10.3191625;10.2958125;10.15528625;10.5824825
2020-05-23;10.6856408695652;10.3697604347826;10.3379981818182;10.2894560869565;10.1474504347826;10.5929004347826
2020-05-24;10.6831768181818;10.3708913636364;10.3474472727273;10.2816858333333;10.1424683333333;10.5939417391304
2020-05-25;10.6882245833333;10.36488125;10.3482004166667;10.2698958333333;10.1477325;10.5937520833333
2020-05-26;10.6880831818182;10.3619845454545;10.3565291666667;10.2697073913043;10.1435234782609;10.6071609090909
2020-05-27;10.696897826087;10.3671447826087;10.3660904347826;10.26242625;10.14658875;10.6087585714286
2020-05-28;10.7074459090909;10.3772495454545;10.36381;10.2682213636364;10.127105;10.6144985
2020-05-29;10.7049063636364;10.3856318181818;10.372149;10.2716668181818;10.155245;10.6241486363636
2020-05-30;10.7163008333333;10.3949054166667;10.3778652380952;10.2737985714286;10.1703128571429;10.6321569565217
2020-05-31;10.7177966666667;10.406725;10.3839913043478;10.2832645454545;10.1625868181818;10.6461245833333
2020-06-01;10.7308656521739;10.4214191304348;10.3853756521739;10.2894686956522;10.1644334782609;10.6537791304348
2020-06-02;10.73673;10.4347170833333;10.3878013043478;10.3015142857143;10.173520952381;10.6695191304348
2020-06-03;10.7470942857143;10.4492995238095;10.3927018181818;10.3031179166667;10.1746995833333;10.68169
2020-06-04;10.7581354166667;10.4655554166667;10.4020926086957;10.3137291304348;10.1756039130435;10.69022
2020-06-05;10.7657958333333;10.4798866666667;10.4142743478261;10.3258295238095;10.1786171428571;10.7040265217391
2020-06-06;10.7777541666667;10.4985675;10.4248675;10.3365125;10.1857375;10.7157695652174
2020-06-07;10.7880682608696;10.517242173913;10.4103640909091;10.3426643478261;10.1997865217391;10.725617826087
2020-06-08;10.795875;10.526885;10.3833495833333;10.3430104347826;10.2234773913043;10.7398195833333
2020-06-09;10.8126141666667;10.54120375;10.4240217391304;10.36387375;10.2281166666667;10.7500527272727
2020-06-10;10.8250315789474;10.5556373684211;10.4340279166667;10.3679247826087;10.2373517391304;10.7607077272727
2020-06-11;10.8409445454545;10.5712540909091;10.4311585;10.381955;10.251416;10.7736142857143
2020-06-12;10.8474728571429;10.5878971428571;10.4026791666667;10.3859439130435;10.2707652173913;10.7891066666667
2020-06-13;10.8604155;10.6140535;10.4152522727273;10.40079;10.2862845454545;10.7998876190476
2020-06-14;10.8706495454545;10.6338768181818;10.41034375;10.4111136363636;10.2988440909091;10.81247875
2020-06-15;10.8916604761905;10.6562119047619;10.4476356521739;10.4273443478261;10.3112173913043;10.826520952381
2020-06-16;10.9063534782609;10.6676960869565;10.4719730434783;10.4413247619048;10.3207280952381;10.8389107142857
2020-06-17;10.9169243478261;10.6755273913043;10.48598125;10.4565463636364;10.3330604545455;10.8482181818182
2020-06-18;10.924733;10.687138;10.4721138095238;10.4650556521739;10.346342173913;10.8578018181818
2020-06-19;10.9382113043478;10.7039986956522;10.5088472727273;10.4818330434783;10.3602691304348;10.8699604347826
2020-06-20;10.952789;10.7184935;10.5153718181818;10.4922733333333;10.37476125;10.8824017391304
2020-06-21;10.96732;10.7326695454545;10.53325375;10.5201379166667;10.39021125;10.8932947826087
2020-06-22;10.9812960869565;10.747592173913;10.5412516666667;10.5465033333333;10.404535;10.9021814285714
2020-06-23;10.99782;10.7684042857143;10.5459619047619;10.5688695652174;10.41862;10.9133845454545
2020-06-24;11.0096454545455;10.789805;10.5573966666667;10.5869445833333;10.43287;10.9231438095238
2020-06-25;11.0252904761905;10.80717;10.56973625;10.6060008333333;10.4473495833333;10.9342031578947
2020-06-26;11.0414794736842;10.8257363157895;10.5778113043478;10.6243926086957;10.462832173913;10.9448173684211
2020-06-27;11.0552419047619;10.84326;10.5878381818182;10.6406233333333;10.4776754166667;10.9612261111111
2020-06-28;11.0698204761905;10.8575185714286;10.5998175;10.6587129166667;10.4929383333333;10.9697116666667
2020-06-29;11.0863095652174;10.8723208695652;10.596867826087;10.6745868181818;10.5090436363636;10.9814847619048
2020-06-30;11.1008970833333;10.8937458333333;10.5989356521739;10.6730954166667;10.5211245833333;10.99123
2020-07-01;11.1166558333333;10.9135320833333;10.62763375;10.692485;10.5367245833333;11.003832173913
2020-07-02;11.1330425;10.9263058333333;10.64079875;10.71087375;10.5529829166667;11.0185136363636
2020-07-03;11.1478939130435;10.9392434782609;10.6539645833333;10.72946;10.568397826087;11.030451
2020-07-04;11.164231;10.954094;10.6692341666667;10.74365625;10.5870641666667;11.0410694736842
2020-07-05;11.1790691666667;10.96767375;10.679862173913;10.7678216666667;10.6046070833333;11.0516017391304
2020-07-06;11.1943854545455;10.9812659090909;10.6924982608696;10.78471875;10.6233066666667;11.0657386363636
2020-07-07;11.2104923529412;10.9971364705882;10.7056141666667;10.7999245833333;10.6415116666667;11.075919047619
2020-07-08;11.222084;11.0164825;10.7144516666667;10.812655;10.6593408333333;11.089858
2020-07-09;11.2394513043478;11.0298913043478;10.72145875;10.8292170833333;10.6783916666667;11.1021375
2020-07-10;11.257034;11.051727;10.7276073913043;10.8206216666667;10.6901970833333;11.1157133333333
2020-07-11;11.2776020833333;11.0694541666667;10.7397382608696;10.82906;10.7075320833333;11.1283768181818
2020-07-12;11.2969854545455;11.0915477272727;10.7485730434783;10.8136740909091;10.7205754545455;11.1417113043478
2020-07-13;11.3144086956522;11.1119726086957;10.7824491666667;10.8161475;10.7386675;11.1545816666667
2020-07-14;11.3370672727273;11.1275677272727;10.7984183333333;10.8374143478261;10.7568204347826;11.16998
2020-07-15;11.353369;11.139154;10.809315;10.8443427272727;10.7718781818182;11.1786177777778
