"Date_CET";"EC2.1";"EC3.2";"EC7.2";"EC6.2";"EC6.1";"EC4.1"
2018-09-05;0.608278632;0.609800041;0.5530771315;0.559232831;0.558980823;NA
2018-09-06;0.607232243;0.609117701625;0.560159310875;0.560448748714286;0.572861415928571;0.532554596666667
2018-09-07;0.606964608111111;0.608498931;0.57094960847619;0.561605978666667;0.586762556047619;0.53287349625
2018-09-08;0.607391502142857;0.606233503142857;0.5778661758;0.56255851975;0.59107920225;0.53295662975
2018-09-09;0.6076018154;0.6068962634;0.582592666058824;0.563465075928571;0.596085101428571;0.533109068857143
2018-09-10;0.607652545;0.605642557;0.587537236058824;0.564105022;0.599645261;0.533242563166667
2018-09-11;0.607575681555556;0.605819649222222;0.590350659846154;0.564537127933333;0.603646485;0.533078398777778
2018-09-12;0.607553432333333;0.605188677833333;0.591956830769231;0.564858264222222;0.603624608722222;0.533055577857143
2018-09-13;0.6076985242;0.605592847;0.5922152511875;0.565889486214286;0.604021711071429;0.532688021666667
2018-09-14;0.60768944775;0.604971107125;0.592461321375;0.567052798111111;0.604175431944444;0.532633960285714
2018-09-15;0.60766844475;0.60453556475;NA;NA;NA;0.5326618405
2018-09-16;NA;NA;0.59276861;NA;NA;NA
2018-09-19;NA;NA;0.593077004;0.567884862;0.603043556;NA
2018-09-20;NA;NA;0.5932503044;0.567950860818182;0.603854114454545;NA
2018-09-21;NA;NA;0.5941564124;0.5679794105625;0.60387295475;NA
2018-09-22;NA;NA;0.593835175076923;0.5680383743125;0.603364203125;NA
2018-09-23;NA;NA;0.59374841325;0.5680947899375;0.6018138304375;NA
2018-09-24;NA;NA;0.5936566445;0.568176686333333;0.601627489;0.53259784
2018-09-25;NA;NA;0.593459407333333;0.567857980666667;0.601205984666667;0.5324184895
2018-09-26;0.607235213;0.601961433666667;0.593339770833333;0.5675114765;0.5980134010625;0.53278829175
2018-09-27;0.6070457101;0.6014324605;0.593047655461538;0.566955830357143;0.592807544214286;0.532537961
2018-09-28;0.607000708666667;0.600094993666667;0.592787780642857;0.566446107153846;0.589686577153846;0.53270235675
2018-09-29;0.606915499285714;0.598989955;0.592495271692308;0.565996672428571;0.588306273857143;0.53274540625
2018-09-30;0.606767396222222;0.599405560222222;0.592082142705882;0.565693999058824;0.584753534294118;0.532684554666667
2018-10-01;0.606639266;0.5978926715;0.591759434857143;0.56526704125;0.58402276025;0.532899737
2018-10-03;NA;NA;0.591019362;0.564365535833333;0.582937181;NA
2018-10-04;0.606158820181818;0.596969886090909;0.590506364411765;0.56374458447619;0.58462341352381;0.532637959181818
2018-10-05;0.60604062324;0.59747324212;0.590243301484848;0.563269244194444;0.585463681138889;0.532604513
2018-10-06;0.605940580333333;0.597670195041667;0.5899119637;0.562547437825;0.584027275425;0.5326551175
2018-10-07;0.605817156583333;0.597888221375;0.58966703528125;0.561947776425;0.586361746475;0.532584153208333
2018-10-08;0.605645005407407;0.596960350333333;0.589486642733333;0.561394830589744;0.586186045384615;0.532624058173913
2018-10-09;0.605440688;0.5973787784;0.589487423583333;0.560819481142857;0.585043604857143;0.532694657666667
2018-10-10;NA;NA;0.589111707357143;0.5602778680625;0.5861869640625;NA
2018-10-11;NA;NA;0.5888151341875;0.559619999769231;0.588566977230769;NA
2018-10-12;NA;NA;0.588496386923077;0.5590677634375;0.58452472475;NA
2018-10-13;NA;NA;0.588222254;0.558196612133333;0.5934784732;0.5325994495
2018-10-14;NA;NA;0.588172250117647;0.557112879647059;0.595346994470588;0.532609025666667
2018-10-15;NA;NA;0.588171710611111;0.556584950944444;0.5946175225;NA
2018-10-16;NA;NA;0.588094814272727;0.556261834315789;0.594690451473684;NA
2018-10-17;NA;NA;0.588262732714286;0.555981981142857;0.594552755428571;NA
2018-10-18;NA;NA;0.588328470235294;0.5558122845;0.594484532916667;NA
2018-10-19;NA;NA;0.588385194416667;0.555659584266667;0.5949972988;NA
2018-10-20;NA;NA;0.588200221333333;0.5554853042;0.589887229533333;NA
2018-10-21;NA;NA;0.587792102;0.555428992727273;0.584830202727273;NA
2018-10-22;0.604132533;0.593147516;0.587481361076923;0.555314190294118;0.583136611117647;0.532285273
2018-10-23;0.604096055333333;0.594166576666667;0.5868031473;0.555262015888889;0.584766772055556;0.5326355995
2018-10-24;0.6039723755;0.594164461;0.586126380555556;0.555208471055556;0.588356468333333;0.5325940966
2018-10-25;0.6033047;0.5926529;0.5857185458125;0.555170939058824;0.590250129235294;0.5324353925
2018-10-26;0.6028986;0.5925961;0.585557328571429;0.55518791875;0.5910658;NA
2018-10-27;0.60256916;0.5924418;0.585491129411765;0.55474925;0.592426644444444;0.53242835
2018-10-28;0.60209465;0.59226585;0.585332714285714;0.554526241666667;0.589994608333333;0.53274285
2018-10-29;0.601288566666667;0.5919264;0.585213085714286;0.554620166666667;0.590152616666667;0.53253984
2018-10-30;0.599090642857143;0.590747857142857;0.58498408;0.554505254545455;0.585102045454545;0.53249704
2018-10-31;0.596232671428571;0.589855371428571;0.58460089;0.554478970588235;0.578414370588235;0.5327536
2018-11-01;0.5943883625;0.5894074375;0.584166194117647;0.554386835714286;0.575262921428571;0.532718154545455
2018-11-02;0.59169795;0.5884822;0.583716883333333;0.554415166666667;0.574503866666667;0.532524875
2018-11-21;NA;NA;0.575193966666667;0.549100766666667;0.567594013333333;NA
2018-11-22;NA;NA;0.575596564285714;0.54870611875;0.56942961875;NA
2018-11-23;NA;NA;0.575341805882353;0.548244223076923;0.576074823076923;NA
2018-11-24;NA;NA;0.575060878571429;0.5483023;0.579931288235294;NA
2018-11-25;NA;NA;0.5749914875;0.548593611764706;0.581063152941176;NA
2018-11-26;0.550540971428571;0.574263971428571;0.57497516;0.548600194117647;0.581826982352941;0.532904566666667
2018-11-27;0.550029122222222;0.573273577777778;0.574908433333333;0.548550229411765;0.583107723529412;0.53275496
2018-11-28;0.5492566375;0.570893775;0.574659309090909;0.548482233333333;0.583800394444444;0.532989871428571
2018-11-29;0.549011263636364;0.569058418181818;0.574376605882353;0.548532285714286;0.585089166666667;0.532811446153846
2018-11-30;0.548608375;0.56802785;0.573895538888889;0.5485334;0.585627383333333;0.532977528571429
2018-12-01;0.5487466;0.567892708333333;0.573595055555556;0.548550054545455;0.585908872727273;0.532920185714286
2018-12-02;0.54889834;0.56673418;0.57330313;0.54858858;0.58513967;0.532870914285714
2018-12-03;0.548964833333333;0.566742733333333;0.572818733333333;0.54846299;0.58305325;0.532931875
2018-12-04;0.549023675;0.5661665375;0.572294547058824;0.548400995;0.57820456;0.532901325
2018-12-05;0.549177888888889;0.5658312;0.571643204761905;0.548383977777778;0.577521827777778;0.5331383375
2018-12-06;0.549293407692308;0.564859792307692;0.571161057894737;0.548410330769231;0.578735546153846;0.53286788
2018-12-07;0.54885388;0.56331356;0.570700364285714;0.5483502;0.577867093333333;0.5329483
2018-12-08;0.54856315;0.56180945;0.5702227;0.548331515384615;0.577115130769231;0.533026433333333
2018-12-09;0.546199325;0.5600168;0.569765093333333;0.54836698;0.57753316;0.533037014285714
2018-12-10;0.545036590909091;0.558723745454546;0.56924608125;0.54838808;0.575121513333333;0.533009025
2018-12-11;0.543880354545455;0.557186327272727;0.5687694875;0.548395278947368;0.572757642105263;0.532880111111111
2018-12-12;0.543467883333333;0.556179616666667;0.568325736363636;0.5483434;0.57346329;0.533291425
2018-12-13;0.543023433333333;0.555039633333333;NA;NA;NA;NA
2018-12-14;NA;NA;0.566984;0.5482034;0.57914815;NA
2018-12-15;0.541663;0.5532883;0.566392877777778;0.54810895;0.5798854;0.5331873
2018-12-16;0.5412529;0.5519501;0.565957315384615;0.54802745;0.581930857142857;0.53305472
2018-12-17;0.54133208;0.55141884;0.565521946153846;0.547924293333333;0.58194988;0.533225766666667
2018-12-18;NA;NA;0.56497318125;0.547855393333333;0.582453886666667;NA
2018-12-19;NA;NA;0.564614704545455;0.547748785714286;0.583132892857143;NA
2018-12-20;NA;NA;0.564078868421053;0.547697533333333;0.583036726666667;NA
2018-12-21;0.5410097;0.548312225;0.56366692;0.547514652941177;0.582004617647059;0.533530425
2018-12-22;0.541032528571429;0.548247028571429;0.563180807692308;0.547437661904762;0.575112447619048;0.5332116
2018-12-23;0.5410405375;0.547975825;0.562835033333333;0.547410805;0.56819128;0.5333049375
2018-12-24;0.54086356;0.54752058;0.562205064705882;0.547510564705882;0.567545570588235;0.533473125
2018-12-25;0.5407679;0.546798625;0.561276593333333;0.54744493;0.56623746;0.533191275
2018-12-26;0.540521814285714;0.545727585714286;0.560579815789474;0.547368428571429;0.565575978571429;0.5331685
2018-12-27;0.5399017;0.54411358;0.560010705882353;0.547242866666667;0.565750883333333;0.533257716666667
2018-12-28;0.538835366666667;0.542245366666667;0.559243958823529;0.547170005882353;0.567668858823529;0.5322618
2018-12-29;0.53770443;0.54113734;0.558739966666667;0.54697732;0.565382593333333;0.532892142857143
2018-12-30;0.537634166666667;0.5400722;0.558396533333333;0.546794105882353;0.567487729411765;0.532572475
2018-12-31;0.5384425;0.539476;0.558263040909091;0.546702466666667;0.5827572;NA
2019-01-01;NA;NA;0.5581857;0.546718675;0.58431709375;NA
2019-01-02;NA;NA;0.558262744444444;0.546863192307692;0.587815453846154;NA
2019-01-03;NA;NA;0.558228006666667;0.547183605882353;0.592330947058823;NA
2019-01-04;0.5379069;0.5358135;0.558076494117647;0.547609092307692;0.591796123076923;0.531863875
2019-01-05;0.5374944;0.5353071;0.5578028375;0.548177684210526;0.590494389473684;NA
2019-01-06;0.5364365;0.534650133333333;0.557379353333333;0.548762107692308;0.591777353846154;0.53172746
2019-01-07;0.53592365;0.533794616666667;0.55688043;0.549722996551724;0.590641717241379;0.5313456625
2019-01-08;0.535619729166667;0.533369325;0.556339691666667;0.550459741935484;0.591473938709677;0.531694904166667
2019-01-09;0.535420625;0.532707933333333;0.555733495833333;0.551269441666667;0.5917426375;0.53201137826087
2019-01-10;0.53536476;0.53237532;0.555322;0.55172248;0.59147678;0.53164972
2019-01-13;NA;NA;0.553171271428571;0.553181766666667;0.59066805;0.5361748
2019-01-14;NA;NA;0.552188492857143;0.55323582;0.590502193333333;NA
2019-01-15;NA;NA;0.551391563157895;0.5532679;0.590501835714286;NA
2019-01-16;NA;NA;0.550726676470588;0.553373795;0.59062489;NA
2019-01-17;0.5338024;0.528525122222222;0.55001926875;0.55347430625;0.59054675625;0.5350295375
2019-01-18;0.533746222727273;0.528099277272727;0.549542804761905;0.553586736;0.590567064;0.534867025
2019-01-19;0.533782132;0.527794936;0.549037290909091;0.553677670833333;0.590403070833333;0.534550827272727
2019-01-20;0.533884175;0.527271316666667;0.548650183333333;0.553851282142857;0.59023985;0.5335932
2019-01-21;0.53396161;0.52710955;0.548303826315789;0.55396816;0.59005036;0.533320245
2019-01-22;NA;NA;0.5479617;0.5540197;0.58964665;NA
2019-01-23;NA;NA;0.5475233;0.55424275;0.5896867;NA
2019-01-24;NA;NA;0.547199383333333;0.554395333333333;0.588763988888889;0.5321955
2019-01-25;NA;NA;0.546745233333333;0.55455055;0.587611933333333;NA
2019-01-26;NA;NA;0.54640920625;0.554743663157895;0.587328647368421;0.5313604
2019-01-27;0.5339702;0.524430633333333;0.5460238625;0.5548914625;0.58678618125;0.5308483
2019-01-28;NA;NA;0.54565400625;0.555033446666667;0.586652446666667;NA
2019-01-29;NA;NA;0.5451761;0.555122241176471;0.586584894117647;NA
2019-01-30;0.5335889;0.523359766666667;0.544754617647059;0.555237171428571;0.586554128571429;0.528756966666667
2019-01-31;0.5337349;0.5228113;0.544298323529412;0.55530028125;0.58603371875;0.5283764
2019-02-01;0.533505933333333;0.522280033333333;0.54373025;0.555386125;0.585638733333333;0.527192433333333
2019-02-02;0.53341148;0.5220168;0.5430405;0.555407571428571;0.585377364285714;0.5262752
2019-02-03;0.5353636;0.5220144;0.542518373333333;0.555477746153846;0.5853174;0.523667766666667
2019-02-04;0.53579188;0.5213387;0.541894738461538;0.555460127272727;0.584435636363636;0.52080115
2019-02-05;0.5352518;0.52099952;0.541389846666667;0.5554811875;0.584668025;0.519564733333333
2019-02-06;0.534247633333333;0.520558033333333;0.540975742857143;0.555438578947368;0.584450110526316;0.5178401
2019-02-07;0.533591575;0.52004955;0.54057797;0.55548256;0.584078166666667;0.5172057125
2019-02-08;0.53318463;0.51985564;0.5401807;0.555457993333333;0.5837589;0.51656976
2019-02-09;0.5330386;0.51974265;0.539808633333333;0.555502625;0.58360810625;NA
2019-02-10;0.5331165;0.5185843;0.539641758333333;0.555523441666667;0.583316291666667;0.516077
2019-02-11;0.53296994;0.51847002;0.539238335294118;0.55555771875;0.58234130625;0.516094327272727
2019-02-12;0.532624066666667;0.518322233333333;0.53883574;0.55552493125;0.58219668125;0.51532605
2019-02-13;0.5326415;0.5177507;0.53854063;0.555504611111111;0.581501927777778;0.515421766666667
2019-02-14;0.53266435;0.51765775;0.538248438888889;0.555456406666667;0.58091224;0.5164301
2019-02-15;0.53261845;0.51698175;0.53792993125;0.5554595;0.580505466666667;0.5161538
2019-02-16;0.532606083333333;0.516338366666667;0.537654878947368;0.555427228571429;0.580336335714286;0.517692025
2019-02-17;0.5325538;0.515768925;0.53738986;0.555353442105263;0.580182068421053;0.518358433333333
2019-02-18;0.532401725;0.51536385;0.537281471428571;0.55535041;0.5802321;0.51928864
2019-02-19;0.5323431;0.5160872;0.5370645;0.55523175;0.579841371428571;0.51970526
2019-02-20;0.531680933333333;0.514852833333333;0.537000833333333;0.555174610526316;0.579412957894737;0.51980275
2019-02-21;0.531159;0.5153667;0.536858692857143;0.555094568421053;0.578874421052632;0.5195665
2019-02-22;0.5303191;0.513954;0.536740525;0.554932216666667;0.5783758;0.518439133333333
2019-02-23;0.529814066666667;0.514180766666667;0.536433241666667;0.554481683333333;0.5776617;0.51809585
2019-02-24;0.5293495;0.51430855;0.536246408333333;0.553967909090909;0.576911145454545;0.5173654
2019-02-25;0.52788605;0.5135815;0.5359655875;0.553468891666667;0.57621655;0.516859
2019-02-26;NA;NA;0.535728576923077;0.55284955;0.575583625;NA
2019-03-04;0.521729428571429;0.5124013;0.53367224;0.54977218;0.57100996;0.5124766
2019-03-05;0.52163025;0.51222345;0.533445176470588;0.54944816;0.57043777;0.512236975
2019-03-06;NA;NA;0.53312660625;0.549030894117647;0.569727435294118;NA
2019-03-07;0.5198962;0.5125142;0.533038685714286;0.548769428571429;0.569348557142857;0.511289
2019-03-08;0.518920333333333;0.511811525;0.532509616666667;0.548126171428571;0.568616907142857;0.51083258
2019-03-09;0.51817505;0.511680833333333;0.532319483333333;0.5477931;0.568168816666667;0.510397441666667
2019-03-10;0.5176513125;0.51151225;0.5319169125;0.5474412875;0.56781930625;0.510051971428571
2019-03-11;0.517182828571429;0.511976914285714;0.531442435294118;0.547114695238095;0.567665647619048;0.51008028
2019-03-12;0.51714185;0.51155094;0.531062940909091;0.546763105882353;0.567456558823529;0.50976787
2019-03-13;0.516625291666667;0.511372675;0.530931452631579;0.546349266666667;0.566937877777778;0.509320722222222
2019-03-14;0.516023855555556;0.511053444444444;0.530680873333333;0.546035;0.56651785625;0.50887855
2019-03-15;0.515696666666667;0.511214944444444;0.52950635625;0.545931785714286;0.566844764285714;0.5087366
2019-03-16;0.516518828571429;0.510419685714286;0.528631330769231;0.545827746153846;0.5673309;0.510090733333333
2019-03-17;0.51810534;0.51048094;0.52830326;0.54551938;0.56597402;0.5107233
2019-03-18;NA;NA;0.528466571428571;0.544941254545455;0.564142436363636;NA
2019-03-19;NA;NA;0.52861054;0.544325657142857;0.563555514285714;NA
2019-03-20;0.51786674;0.50952808;0.528925233333333;0.543985854545455;0.561479345454545;0.510036014285714
2019-03-21;0.517235188888889;0.509937522222222;0.529192513333333;0.54373339375;0.56148615;0.5095489375
2019-03-22;0.51653395;0.50982655;0.529410155555556;0.543458905882353;0.560408094117647;0.508573218181818
2019-03-23;0.515572971428571;0.5086516;0.529600325;0.543118904545455;0.559459372727273;0.50790893
2019-03-24;0.514935936363636;0.508795018181818;0.52991601;0.542722473333333;0.558229493333333;0.507296933333333
2019-03-25;0.51440838;0.50948642;0.529860288888889;0.542387755555556;0.557099511111111;0.506297008333333
2019-03-26;0.51390538;0.50906366;0.5299288;0.54196608125;0.55552923125;0.505558816666667
2019-03-27;0.513359975;0.5085688875;0.529787361538462;0.541468053846154;0.554384730769231;0.504706522222222
2019-03-28;0.5129073;0.508577428571429;0.529559254545454;0.541091936363636;0.553576945454545;0.503991683333333
2019-03-29;0.512276042857143;0.508239985714286;0.529460130769231;0.540737568421053;0.552625136842105;0.5031421
2019-03-30;0.51169616;0.50833404;0.529134158823529;0.540351105263158;0.551883705263158;0.502378066666667
2019-03-31;NA;NA;0.528748688888889;0.54010588;0.55132642;NA
2019-04-01;NA;NA;0.528336333333333;0.539819955555556;0.551010494444444;NA
2019-04-02;NA;NA;0.527997125;0.539530788888889;0.550857111111111;NA
2019-04-03;NA;NA;0.5276424875;0.539211061111111;0.550513877777778;NA
2019-04-04;0.5091848;0.5085424;0.526484233333333;0.5388914;0.5505645125;NA
2019-04-05;0.5096774;0.5101496;0.525583336363636;0.538745822222222;0.550824511111111;0.5020589
2019-04-06;0.50985146;0.50850472;0.52508434;0.538494766666667;0.550904523809524;NA
2019-04-07;0.510415311111111;0.508408766666667;0.524846984210526;0.538176647058824;0.551037164705882;0.5027706
2019-04-08;0.51040395;0.5092643;0.524787684210526;0.537758321428571;0.550685314285714;0.50230702
2019-04-09;0.5108608;0.5087139;0.5247902875;0.537496577272727;0.550854672727273;0.502758775
2019-04-10;0.510844233333333;0.508474883333333;0.52491368125;0.537184416666667;0.550506572222222;0.502645333333333
2019-04-11;0.51075295;0.50702505;0.524979728571429;0.536904377777778;0.550215144444444;0.50221586
2019-04-12;0.511306442857143;0.507841071428571;0.525119738461538;0.536669576923077;0.549785769230769;0.501873116666667
2019-04-13;0.511242316666667;0.508121716666667;0.52527775;0.536357761111111;0.549669872222222;0.50174106
2019-04-14;0.511594275;0.50717315;0.525487784615385;0.535986738461538;0.549294023076923;0.501596175
2019-04-15;0.51193042;0.50737002;0.525588846153846;0.535858342857143;0.548990242857143;0.50139555
2019-04-16;0.51228385;0.5080391;0.52551210625;0.535534364285714;0.54869285;0.501450975
2019-04-17;0.5125757;0.5085554;0.524231529411765;0.535408623529412;0.548312076470588;0.5017375
2019-04-18;0.514076085714286;0.509346657142857;0.523395575;0.534312608333333;0.548881016666667;0.50258885
2019-04-19;0.5145575;0.5092527;0.52285031875;0.5323498;0.549103717647059;0.501991025
2019-04-20;0.5162605;0.5094166;0.522432844444444;0.530425561111111;0.549284838888889;0.501278322222222
2019-04-21;0.516486666666667;0.5088798;0.522025333333333;0.528845493333333;0.548314486666667;0.500439225
2019-04-22;0.516830675;0.5088258625;0.52171876;0.5276930625;0.54738673125;0.49859888
2019-04-23;0.51665275;0.50874775;0.52137824375;0.52716383125;0.54700855625;0.497028171428571
2019-04-24;0.516625966666667;0.508270966666667;0.52108134375;0.526680829411765;0.545939011764706;0.494698133333333
2019-04-25;NA;NA;0.520816577777778;0.526508811111111;0.545346855555556;0.4930254
2019-04-26;NA;NA;0.520645395;0.526496694444444;0.544965277777778;NA
2019-04-27;NA;NA;0.520501364705882;0.526278726315789;0.545158636842105;NA
2019-04-28;0.515151566666667;0.507273633333333;0.520235911764706;0.5260729;0.54512599375;0.487689333333333
2019-04-29;0.51508676;0.5071372;0.520059472222222;0.525738288235294;0.545467582352941;0.486377657142857
2019-04-30;0.5159852;0.506763825;0.519994642857143;0.525534564705882;0.544884470588235;0.485725142857143
2019-05-01;0.5176215;0.504449;0.519876866666667;0.52552542;0.544134946666667;0.485403425
2019-05-02;0.51600048;0.50629538;0.5193994;0.526439135714286;0.535870271428571;0.48276124
2019-05-03;0.51031222;0.50699722;0.518875436363636;0.525794346666667;0.534954793333333;0.481282475
2019-05-04;0.503551033333333;0.508791577777778;0.5185284375;0.52182612;0.535544893333333;0.482173083333333
2019-05-05;0.5012138;0.506461375;0.517988216666667;0.51869983;0.5354792;0.483212971428571
2019-05-06;0.49853975;0.50908065;0.51751185625;0.516143036842105;0.534024931578947;0.48565305
2019-05-07;0.4955973;0.513778971428571;0.516990136842105;0.514003642857143;0.535178171428571;0.487815533333333
2019-05-08;0.493849;0.511994145454545;0.516567853333333;0.51199858;0.533858153333333;0.489652111111111
2019-05-09;0.492091457142857;0.505713485714286;0.516291383333333;0.510458881818182;0.531553090909091;0.492071822222222
2019-05-10;0.48922656;0.51557946;0.515985805555556;0.507970283333333;0.531300833333333;0.497968333333333
2019-05-11;0.48741016;0.51665006;0.515623638461538;0.50572464375;0.5318380875;0.503179133333333
2019-05-12;0.486257233333333;0.51853065;0.515742457142857;0.5033606125;0.53223705;0.506920857142857
2019-05-13;0.485418025;0.5161293625;0.515438163636364;0.50265954;0.53369623;0.50815098
2019-05-14;0.4842694375;0.5054517375;0.51512146;0.501965425;0.5300894125;0.512691033333333
2019-05-15;0.48218005;0.51707375;0.515232722222222;0.50013803;0.53141872;0.5213918375
2019-05-16;0.480238733333333;0.517300366666667;0.515490333333333;0.497791666666667;0.531227341666667;0.530618788888889
2019-05-17;0.47822235;0.5172783;0.516207633333333;0.49474292;0.52928236;0.5377573
2019-05-18;0.4768639;0.518207557142857;0.51692736;0.49246715;0.529194625;0.544039366666667
2019-05-19;0.4763388;0.5198211;0.517608666666667;0.4897492125;0.5303541875;0.5474196
2019-05-20;NA;NA;0.519646518181818;0.488163290909091;0.531764136363636;NA
2019-05-21;0.4790322;0.5239217;0.5290293375;0.487351175;0.5339561375;0.55618315
2019-05-22;0.478463077777778;0.524998922222222;0.52027644;0.486762633333333;0.5349413;0.5580718875
2019-05-23;0.478121933333333;0.526039966666667;0.5157138;0.4857368375;0.534737175;0.5614883
2019-05-24;0.4791877;0.5267034;0.5155153;0.4850621125;0.5352734125;0.5639346
2019-05-25;0.48115548;0.52751432;0.515157783333333;0.48471774;0.53656674;0.566760525
2019-05-26;0.482723325;0.52841255;0.5153166;0.484250457142857;0.538200971428571;0.5689636
2019-05-27;0.4861947;0.53226112;0.5166268;0.48386985;0.53993875;0.570498175
2019-05-28;0.487969;0.5352717;0.516626875;0.483934185714286;0.540266857142857;0.5729608
2019-05-29;0.4882624;0.5362124;0.51651128;0.48347388;0.54128594;0.574114183333333
2019-05-30;NA;NA;0.516864366666667;NA;NA;0.5754701
2019-05-31;0.492776975;0.5422436;NA;NA;NA;0.57724135
2019-06-01;NA;NA;0.51867915;0.4827708;0.543951983333333;NA
2019-06-02;NA;NA;0.5195813;0.4830266;0.5443781;NA
2019-06-07;0.488268448;0.559348988;0.566945079166667;0.5256945;0.561011533333333;0.561249481818182
2019-06-08;0.489448808333333;0.5607590375;0.553788979166667;0.515663504166667;0.5611778;0.582735095833333
2019-06-09;0.491208283333333;0.547212941666667;0.540563333333333;0.508063158333333;0.559332933333333;0.588877379166667
2019-06-10;0.4917012375;0.544206825;0.537355341666667;0.502661245833333;0.55838565;0.590459095833333
2019-06-11;0.493833529166667;0.5592083;0.536948875;0.499508929166667;0.557284170833333;0.59122735
2019-06-12;0.4946682125;0.552342504166667;0.540976686956522;0.501874175;0.555798629166667;0.5916587375
2019-06-13;0.489729265217391;0.552817669565217;0.535866675;0.4970679125;0.552998554166667;0.58918015
2019-06-14;0.485317641666667;0.552678783333333;0.533431954166667;0.494508916666667;0.552364070833333;0.587814120833333
2019-06-15;0.481856679166667;0.551743883333333;0.531153158333333;0.493678695833333;0.551367825;0.587524936363636
2019-06-16;0.479264675;0.5534918125;0.52885625;0.492944304347826;0.552526786956522;0.589711645833333
2019-06-17;0.479207252173913;0.556329982608696;0.529443247826087;0.4954099375;0.552116566666667;0.593145754166667
2019-06-18;0.477889089655172;0.55492894137931;0.529661947826087;0.495450144;0.550701556;0.591406704761905
2019-06-19;0.476145210344828;0.554051924137931;0.529452225;0.4945831375;0.549819495833333;0.588531482608696
2019-06-20;0.474968141666667;0.552608958333333;0.5288836875;0.495417716666667;0.548926591666667;0.586081608333333
2019-06-21;0.4746813;0.551829469565217;0.528328795833333;0.497241733333333;0.547530870833333;0.584307143478261
2019-06-22;0.4750374375;0.550656895833333;0.52809815;0.499719516666667;0.546669345833333;0.582261629166667
2019-06-23;0.475946969565217;0.54991982173913;0.528166079166667;0.502113079166667;0.545338266666667;0.579816134782609
2019-06-24;0.477242625;0.549178125;0.528564683333333;0.503165445833333;0.544233545833333;0.577271758333333
2019-06-25;0.479030695833333;0.5484571375;0.5290952;0.5034865;0.543175033333333;0.574163579166667
2019-06-26;0.481216954166667;0.546994641666667;0.530033691666667;0.504176808333333;0.542535041666667;0.570489416666667
2019-06-27;0.483122033333333;0.5461298375;0.530235491666667;0.5043928875;0.542460683333333;0.567258066666667
2019-06-28;0.4845413625;0.545155720833333;0.530843869565217;0.504793420833333;0.542738033333333;0.564331370833333
2019-06-29;0.485414775;0.545014091666667;0.530972320833333;0.504579566666667;0.5420539125;0.561416945833333
2019-06-30;0.486481096;0.544152572;0.531974618181818;0.505001358333333;0.542150929166667;0.557987695652174
2019-07-01;0.487285028571429;0.54417455;0.531658014285714;0.504991771428571;0.542190757142857;0.555027325
2019-07-02;0.488873566666667;0.543269233333333;NA;NA;NA;0.550390566666667
2019-07-03;0.488992069565217;0.542704873913043;0.53236555;0.50519935;0.5422509;0.548920355
2019-07-04;0.4890518375;0.5424823875;NA;0.5048559;0.5419582;0.546789358333333
2019-07-05;0.489050454166667;0.5419802125;NA;0.5052787;0.5423513;0.544754940909091
2019-07-06;0.489193686956522;0.54154767826087;NA;NA;NA;0.542734291304348
2019-07-07;0.488788383333333;0.541384179166667;NA;NA;NA;0.541975470833333
2019-07-08;0.487629058333333;0.541074420833333;NA;0.5042579625;0.542647025;0.540977545833333
2019-07-09;0.487913803448276;0.540373465517241;0.532399329166667;0.504952656666667;0.542885716666667;0.5390456375
2019-07-10;0.488696109677419;0.540070003225806;0.5323371375;0.505059822857143;0.542850162857143;0.537428475
2019-07-11;0.489859163636364;0.539263959090909;0.532545475;0.505408666666667;0.542981829166667;0.536059033333333
2019-07-12;0.4907555375;0.53892462;0.5325938;0.50532738;0.54301786;0.535032560869565
2019-07-13;0.492093660869565;0.538365532608696;0.533400007692308;0.505859670833333;0.5430561625;0.534029279166667
2019-07-14;0.4929786375;0.5379553625;0.5330955;0.505910128;0.543159464;0.532836777777778
2019-07-15;0.493808978947368;0.537556484210526;0.53245623;0.505710108333333;0.543482645833333;0.532060483333333
2019-07-16;0.492578095652174;0.537459282608696;0.5332982;0.505848829166667;0.5439271625;0.531995539130435
2019-07-17;0.491367704166667;0.537413208333333;0.534434933333333;0.5063304875;0.544751683333333;0.531187154166667
2019-07-18;0.490852460869565;0.537438847826087;0.533947266666667;0.5062027875;0.544579216666667;0.530166520833333
2019-07-19;0.490980226086957;0.53719902173913;0.5341671125;0.506188720833333;0.544499529166667;0.528969775
2019-07-20;0.491405928571429;0.536994128571429;0.5342899875;0.506348572727273;0.544493372727273;0.527899371428571
2019-07-21;0.491891234782609;0.5368249;0.534712083333333;0.506823175;0.546330675;0.527175579166667
2019-07-22;0.491569669565217;0.53694652173913;0.534411565217391;0.506716116666667;0.5470430125;0.5268384
2019-07-23;0.4913347875;0.53720295;0.535469975;0.506855329166667;0.548245179166667;0.526352339130435
2019-07-24;0.490769065217391;0.537436973913043;0.53532312173913;0.506958656521739;0.548118839130435;0.525919469565217
2019-07-25;0.490106291666667;0.537382054166667;0.535139145833333;0.507192508695652;0.547862469565217;0.52464517826087
2019-07-26;0.489527233333333;0.536954225;0.535202204545455;0.507168873913043;0.548018556521739;0.523745133333333
2019-07-27;0.4894201125;0.5365661;0.5342253375;0.507347204166667;0.5486999375;0.523847243478261
2019-07-28;0.48872147826087;0.536959208695652;0.5338217;0.5065706375;0.549200279166667;0.523364041666667
2019-07-29;0.4876247;0.537749516666667;0.533964390909091;0.506090325;0.549513258333333;0.523218941666667
2019-07-30;0.486350436363636;0.537585927272727;0.533925869565217;0.505476929166667;0.549773270833333;0.523095517391304
2019-07-31;0.485560570833333;0.536600470833333;0.53361;0.505672522727273;0.549841222727273;0.522321079166667
2019-08-01;0.485262020833333;0.53576225;0.535786295238095;0.506055469565217;0.548736439130435;0.52162285
2019-08-02;0.485743925;0.5346064875;0.535770691666667;0.507334713043478;0.544995547826087;0.520380273913043
2019-08-03;0.487602056521739;0.533681465217391;0.534603547826087;0.508163108333333;0.544220008333333;0.518874108333333
2019-08-04;0.489489156521739;0.53383237826087;0.533500986363636;0.507998559090909;0.543641204545455;0.518842360869565
2019-08-05;0.491050095652174;0.533360543478261;0.532473023809524;0.508369983333333;0.542984945833333;0.517516658333333
2019-08-06;0.492225926086957;0.533232234782609;0.531324373913043;0.5085338;0.542242754545455;0.516465565217391
2019-08-07;0.492637883333333;0.532513641666667;0.529222486363636;0.508488109090909;0.541568636363636;0.515221095652174
2019-08-08;0.492766389473684;0.533290536842105;0.528922763636364;0.508828257142857;0.541108261904762;0.514780415
2019-08-09;0.493156595454545;0.533148363636364;0.529118404545455;0.509591234782609;0.540342913043478;0.51377552173913
2019-08-10;0.49350890952381;0.532518757142857;0.528196713043478;0.509770754545455;0.539690427272727;0.513109023809524
2019-08-11;0.493924795238095;0.532983819047619;0.527970625;0.509796131818182;0.539228881818182;0.511813138095238
2019-08-12;0.494935426315789;0.532970505263158;0.527743338095238;0.509702554545455;0.538633309090909;0.510853168421053
2019-08-13;0.495167215789474;0.532229036842105;0.527682572222222;0.509989426315789;0.537947105263158;0.509741315
2019-08-14;0.495196645;0.532001;0.527606509523809;0.509744347058824;0.5373211;0.509007145
2019-08-15;0.495335664705882;0.531477770588235;0.527566661904762;0.509473535;0.53665783;0.507817861111111
2019-08-16;0.49564140952381;0.530995595238095;0.528417444444444;0.509018438888889;0.535776194444444;0.506676294736842
2019-08-17;0.495780040909091;0.530640586363636;0.528036819047619;0.507713704545455;0.536006522727273;0.505630283333333
2019-08-18;0.495831805263158;0.531696468421053;0.527312305;0.506635704545455;0.536399413636364;0.5046768
2019-08-19;0.495877682608696;0.5318746;0.525790482608696;0.506461481818182;0.534368045454545;0.503204091304348
2019-08-20;0.495905728571429;0.532132257142857;0.524199480952381;0.506004884210526;0.532652131578947;0.501843777272727
2019-08-21;0.495952361111111;0.531591783333333;0.523645923809524;0.50535735;0.531893555555556;0.50034585
2019-08-22;0.496097428;0.530742076;0.523492281818182;0.505743903703704;0.531056485185185;0.499221821052632
2019-08-23;0.496212427777778;0.530558766666667;0.523360068421053;0.505165983333333;0.530671883333333;0.498886295454545
2019-08-24;0.4961253575;0.531169245;0.522971054545455;0.50414612;0.53114728;0.498749360869565
2019-08-25;0.4961695275;0.5316020175;0.522826236363636;0.503809725925926;0.530076781481482;0.498512941666667
2019-08-26;0.496041836363636;0.531716081818182;0.522398113636364;0.503509972727273;0.528880886363636;0.497995031818182
2019-08-27;0.4960257125;0.531319720833333;0.522358452631579;0.5032911;0.52840483125;0.496989166666667
2019-08-28;0.495981005;0.53115877;0.521679527777778;0.503221277777778;0.528152466666667;0.495567281818182
2019-08-29;0.496023617391304;0.531056169565217;0.521374386956522;0.503171770588235;0.528011470588235;0.494066139130435
2019-08-30;0.4959957;0.530876911111111;0.520738905263158;0.503105304761905;0.527658304761905;0.493045942105263
2019-08-31;0.496010157894737;0.530614952631579;0.52035435;0.502996838888889;0.5273093;0.492174531578947
2019-09-01;0.49586747;0.530585265;0.519687545454545;0.502962784210526;0.526968221052632;0.491315818181818
2019-09-02;0.495733821052632;0.530403857894737;0.519002227777778;0.502821747058824;0.526685311764706;0.490794723809524
2019-09-03;0.495593742105263;0.5300259;0.518635127777778;0.502687766666667;0.526119977777778;0.490314305
2019-09-04;0.49533216;0.529789355;0.51816093;0.502555104761905;0.52564780952381;0.48993045
2019-09-05;0.494479736842105;0.529457905263158;0.517228480952381;0.502494647619048;0.525280719047619;0.489470495
2019-09-06;0.493149166666667;0.529091527777778;0.516740068421053;0.502489354545455;0.525122745454545;0.48923439
2019-09-07;0.492302661904762;0.528733738095238;0.516620163636364;0.5023992;0.52486577826087;0.489065568421053
2019-09-08;0.491520138095238;0.527971671428571;0.51523660952381;0.502331604545455;0.524613268181818;0.488752161904762
2019-09-09;0.490813145;0.527348915;0.515385533333333;0.502259572222222;0.524271122222222;0.488602305263158
2019-09-10;0.49019553;0.52707378;0.514838747058823;0.502106;0.52397638;0.488390105
2019-09-11;0.489686847619048;0.526532795238095;0.514170883333333;0.501940266666667;0.523607571428571;0.488044060869565
2019-09-12;0.489358605263158;0.526236189473684;0.513712004761905;0.50174320952381;0.523266647619048;0.487832655
2019-09-13;0.488868235294118;0.525967494117647;0.513891525;0.5013219;0.52284978;0.487597589473684
2019-09-14;0.488559845454545;0.526554327272727;0.514677192307692;0.501077746666667;0.522627493333333;0.487439333333333
2019-09-15;0.4882089;0.5255296;0.513339072727273;0.500102555555556;0.522478511111111;0.4870509
2019-09-16;0.488107371428571;0.515402042857143;0.5117970375;0.50003964;0.5236984;0.487083435294118
2019-09-17;0.4879323;0.520149846153846;0.512054829411765;0.49980011875;0.52411806875;0.48706625625
2019-09-18;0.4877532375;0.520248;0.511585577272727;0.498392545454545;0.524762081818182;0.486977381818182
2019-09-19;0.48750955;0.52061226875;0.511016144444444;0.496844717647059;0.524697994117647;0.486862731578947
2019-09-20;0.4875087;0.52103707368421;0.510946858823529;0.496430652941176;0.525252388235294;0.486693852380952
2019-09-21;0.487376566666667;0.522417283333333;0.511000864705882;0.495948776470588;0.523185429411765;0.486552057142857
2019-09-22;0.487383133333333;0.522876642857143;0.510391021428571;0.495770075;0.5226105875;0.486510175
2019-09-23;0.48727164;0.509989686666667;0.509886333333333;0.495335476470588;0.522449811764706;0.486520335294118
2019-09-24;0.487265861904762;0.523174233333333;0.5102656875;0.4963893;0.52315221875;0.48637096
2019-09-25;0.487295935714286;0.523130314285714;0.510229972727273;0.497475138461538;0.523825638461539;0.48636709375
2019-09-26;0.48741856;0.5234311;0.510381041176471;0.498951271428571;0.524148828571429;0.486358735294118
2019-09-27;0.487499522727273;0.5233629;0.510400770588235;0.499982888235294;0.524553564705882;0.4862603
2019-09-28;0.487613236363636;0.523129663636364;0.510408808333333;0.500214269230769;0.525211907692308;0.486187891666667
2019-09-29;0.487732445833333;0.522029370833333;0.510642540909091;0.500359086363636;0.525508018181818;0.486137159090909
2019-09-30;0.4879028125;0.5222188375;0.510661386363636;0.500212517391304;0.52567042173913;0.486115995652174
2019-10-01;0.488064641666667;0.520304366666667;0.510768969565217;0.500365366666667;0.5260018;0.486089133333333
2019-10-02;0.488161158333333;0.504555166666667;0.51105780625;0.500691804166667;0.526285775;0.4859592
2019-10-03;0.488190460869565;0.516152134782609;0.511164061111111;0.500929396153846;0.526572069230769;0.485840036363636
2019-10-04;0.488129508333333;0.511371279166667;0.511286811764706;0.501077392;0.526748532;0.485970108333333
2019-10-05;0.4879512875;0.507593929166667;0.5111759;0.501204458333333;0.526852316666667;0.4858166375
2019-10-06;0.488059508695652;0.498618404347826;0.511241611764706;0.501467883333333;0.5270008625;0.485080865217391
2019-10-07;0.487987256521739;0.497670308695652;0.51110540625;0.501653204166667;0.527095245833333;0.484878729166667
2019-10-08;0.4877270375;0.4967563375;0.510992866666667;0.501856508333333;0.527077458333333;0.484294911764706
2019-10-09;0.487597366666667;0.496699475;0.5108833;0.5019182;0.527074808333333;0.484201066666667
2019-10-10;0.487349268;0.497488812;0.511309647826087;0.502101529166667;0.527059425;0.483618073684211
2019-10-11;0.486685825;0.496911995833333;0.511413875;0.501616569565217;0.526788639130435;0.481998226315789
2019-10-12;0.485610230434783;0.495744104347826;0.5112465;0.500390804545455;0.526491790909091;0.481533738888889
2019-10-13;0.484343075;0.4952274625;0.5108673875;0.49938657826087;0.526200604347826;0.480755673333333
2019-10-14;0.483246079166667;0.4945048375;0.510284529166667;0.4989351625;0.5259172;0.479878411764706
2019-10-15;0.48273363;0.494343495;0.509686786363636;0.49877645;0.5257800125;0.479836813636364
2019-10-16;0.482215561904762;0.494440142857143;0.509297331818182;0.498754891304348;0.525548908695652;0.479145927272727
2019-10-17;0.481990456521739;0.493889560869565;0.508917769565217;0.498788829166667;0.5252838625;0.479141569565217
2019-10-18;0.481966447058824;0.493418229411765;0.508439135294118;0.498748214285714;0.524976161904762;0.47884985
2019-10-19;0.481683630434783;0.494618134782609;0.508342976190476;0.498800095238095;0.524607161904762;0.47813995
2019-10-20;0.481282136363636;0.495959545454545;0.508132963636364;0.498485826086957;0.52397222173913;0.477797545454545
2019-10-21;0.480466294117647;0.495456376470588;0.508227160869565;0.496567514285714;0.523753252380952;0.477599905555556
2019-10-22;0.478492284210526;0.495676231578947;0.508275788235294;0.494005720833333;0.523644041666667;0.477024495
2019-10-23;0.476248735;0.49499866;0.508129895238095;0.491737591666667;0.523429604166667;0.476739466666667
2019-10-24;0.473945635;0.497713695;0.507746678571429;0.49008093;0.522665;0.476906757142857
2019-10-25;0.473245718181818;0.504753072727273;0.50744378;0.4895873875;0.522099979166667;0.476553382608696
2019-10-26;0.473031465217391;0.504669917391304;0.507090133333333;0.489213954166667;0.521985254166667;0.476365204166667
2019-10-27;0.4729914875;0.505916616666667;0.506385871428571;0.489270113043478;0.521876943478261;0.476920730434783
2019-10-28;0.4726946;0.507061070833333;0.505725134782609;0.489753645833333;0.522229641666667;0.477014356521739
2019-10-29;0.472644486666667;0.507287746666667;0.505012611111111;0.490565882352941;0.522665770588235;0.476824064285714
2019-10-30;0.473004407692308;0.507013530769231;0.504327807142857;0.491857575;0.522926441666667;0.476680392307692
2019-10-31;0.473094639130435;0.506756343478261;0.5039039;0.492715091304348;0.522915073913043;0.476132463636364
2019-11-01;0.473327642857143;0.506321128571429;0.503428027272727;0.493637513043478;0.522926795652174;0.476414243478261
2019-11-02;0.47346035;0.505621368181818;0.502812845833333;0.494369534782609;0.522865539130435;0.476840613636364
2019-11-03;0.473560717391304;0.505121117391304;0.502564726923077;0.494797333333333;0.521973037037037;0.476279917391304
2019-11-04;0.4736705625;0.504185283333333;0.502202573913043;0.494642752173913;0.521295139130435;0.476704429166667
2019-11-05;0.47296395;0.503875109090909;0.501871565;0.49387249047619;0.521361571428571;0.476751604347826
2019-11-06;0.472615704166667;0.503827491666667;0.501576691304348;0.492685864;0.52080402;0.476391075
2019-11-07;0.472059091666667;0.5030948125;0.501293341666667;0.491346495833333;0.520315620833333;0.476168154166667
2019-11-08;0.4710695375;0.500953916666667;0.500916544;0.490192213043478;0.519480373913043;0.475765918181818
2019-11-09;0.470202095833333;0.499076770833333;0.50034955;0.489365915384615;0.520211992307692;0.475881928
2019-11-10;0.469906283333333;0.497724679166667;0.499671034782609;0.489781516;0.523139716;0.475885408333333
2019-11-11;0.4695863;0.496586317391304;0.499076670833333;0.4905985;0.524728130769231;0.47584667
2019-11-12;0.469721279166667;0.496006654166667;0.4984428875;0.491568441666667;0.523089220833333;0.4759276
2019-11-13;0.469872426086957;0.495851;0.497964343478261;0.492581017391304;0.521489260869565;0.4758131875
2019-11-14;0.47008835;0.495697616666667;0.497560104166667;0.4934578125;0.520931316666667;0.4756488875
2019-11-15;0.470099823076923;0.495573207692308;0.497156765217391;0.49436962173913;0.519886939130435;0.475384276923077
2019-11-16;0.470016095833333;0.495339108333333;0.496832504545455;0.49495277826087;0.518506795652174;0.47565892173913
2019-11-17;0.470020886363636;0.495015972727273;0.496631745833333;0.495298652173913;0.517585460869565;0.475594969565217
2019-11-18;0.470181936363636;0.494899836363636;0.495862825;0.495421604545455;0.517370945454545;0.475549109090909
2019-11-19;0.470375627272727;0.495042245454545;0.495924831818182;0.495616531818182;0.517255195454545;0.475711033333333
2019-11-20;0.470515441666667;0.4947481;0.4957669625;0.49565685;0.5164005875;0.475752359090909
2019-11-21;0.470583495652174;0.493297695652174;0.49543645;0.495676886363636;0.515070109090909;0.475523408695652
2019-11-22;0.470321558333333;0.493260916666667;0.495135030434783;0.495594856521739;0.512805843478261;0.47517642173913
2019-11-23;0.47020969;0.49323577;0.494834304166667;0.495206713043478;0.510756860869565;0.475302152173913
2019-11-24;0.470260733333333;0.493226433333333;0.494521179166667;0.494721720833333;0.510097783333333;0.475572133333333
2019-11-25;0.470131347619048;0.49320379047619;0.494322539130435;0.494200982608696;0.50926487826087;0.475670366666667
2019-11-26;0.470078225;0.493144625;0.493754252173913;0.493702504166667;0.5082723125;0.475680669565217
2019-11-27;0.469802165217391;0.493465886956522;0.493041363636364;0.493345433333333;0.5083313375;0.475729708333333
2019-11-28;0.469654033333333;0.494038876190476;0.492394091304348;0.493622343478261;0.511004339130435;0.475691554545455
2019-11-29;0.46960192;0.49399481;0.4920392;0.49395605;0.514774109090909;0.475846795454545
2019-11-30;0.469340970833333;0.495177391666667;0.492342025;0.493541656;0.513679064;0.475697243478261
2019-12-01;0.468205241666667;0.495426383333333;0.492807093103448;0.491549415384615;0.513024746153846;0.475505186363636
2019-12-02;0.466730323809524;0.493761033333333;0.49250431;0.489568804761905;0.514759504761905;0.473869517391304
2019-12-03;0.4652327375;0.491763491666667;0.492334304;0.488250447826087;0.513432060869565;0.472176109090909
2019-12-04;0.464380072727273;0.490465454545455;0.4922490375;0.487534952173913;0.51177787826087;0.471263840909091
2019-12-05;0.464120916666667;0.4898335125;0.4919829625;0.4875774;0.509812420833333;0.470977956521739
2019-12-06;0.4641772;0.4892927;0.4920096;0.486480243478261;0.506327334782609;0.470751326086957
2019-12-07;0.464297685;0.488961855;0.492059754166667;0.483884933333333;0.5054124875;0.47060212173913
2019-12-08;0.464471440909091;0.488643977272727;0.493188754166667;0.481545095454545;0.504005668181818;0.470734759090909
2019-12-09;0.464537991666667;0.488483691666667;0.491383425;0.47982615;0.503747764285714;0.470186666666667
2019-12-10;NA;NA;0.490605;0.47817585;0.5026483;NA
2019-12-11;0.463955083333333;0.488438066666667;0.4906352;0.477791344444444;0.503315244444444;0.469809883333333
2019-12-12;0.46426295;0.49031235;0.4895072125;0.47699516;0.50212372;0.4705822
2019-12-13;0.46441104;0.48751588;0.488351211111111;0.476813042857143;0.502644071428571;0.470434825
2019-12-14;0.4641874;0.488159122222222;0.487065928571429;0.477288652941177;0.503444082352941;0.470636325
2019-12-15;0.4641582;0.488977043478261;0.487519475;0.478320504;0.502819296;0.470546804761905
2019-12-16;0.4640116375;0.488076833333333;0.487584026086957;0.4781596625;0.5023762;0.47039105
2019-12-17;0.463865388;0.487544452;0.488354213043478;0.477278968;0.50112484;0.470363468181818
2019-12-18;0.463737458333333;0.487839820833333;0.488583508333333;0.475738134782609;0.499791826086956;0.471126373913043
2019-12-19;0.463722347826087;0.486572495652174;0.4887566375;0.474599658333333;0.498745158333333;0.471549173913043
2019-12-20;0.463729276470588;0.486852452941176;0.489238763636364;0.4742971125;0.497810841666667;0.471516322727273
2019-12-21;0.463811263636364;0.487090159090909;0.488588179166667;0.47440525;0.497694218181818;0.471940252173913
2019-12-22;0.463888488888889;0.486720655555556;0.487684933333333;0.474483145833333;0.497951670833333;0.472016986956522
2019-12-23;0.464137465;0.48644828;0.485739875;0.474375483333333;0.498123208333333;0.471771704761905
2019-12-24;0.464100695652174;0.486467013043478;0.485805352173913;0.474200170833333;0.498196641666667;0.471469704761905
2019-12-25;0.464151117391304;0.4863648;0.485691173913043;0.474011608333333;0.497673116666667;0.471630982608696
2019-12-26;0.463963534782609;0.486348134782609;0.489788282608696;0.474038470833333;0.496249270833333;0.471094495652174
2019-12-27;0.464016813043478;0.486303360869565;0.489791539130435;0.474564863636364;0.495120086363636;0.47001333
2019-12-28;0.464125886363636;0.488201704545455;0.486937708333333;0.4749199875;0.494932383333333;0.468052839130435
2019-12-29;0.464082591304348;0.490383604347826;0.494320965;0.475267617391304;0.495787147826087;0.466744425
2019-12-30;0.46403112;0.49219761;0.497985379166667;0.475617783333333;0.496550879166667;0.46641179047619
2019-12-31;0.464110763157895;0.494181284210526;0.499322313043478;0.475936495652174;0.497103026086957;0.46723954
2020-01-01;0.464287891666667;0.495523729166667;0.500440260869565;0.476186882608696;0.497722626086956;0.46833625
2020-01-02;0.464575295833333;0.496443020833333;0.500781543478261;0.476424058333333;0.498258270833333;0.469547939130435
2020-01-03;0.4650385;0.497101795454545;0.500717047826087;0.476656382608696;0.498738247826087;0.470832175
2020-01-04;0.465536591304348;0.496907295652174;0.500575234782609;0.476856447826087;0.499215443478261;0.472106343478261
2020-01-05;0.465792331818182;0.496310086363636;0.5004204375;0.47709025;0.499754818181818;0.472367208695652
2020-01-06;0.466034991666667;0.495793966666667;0.500588604347826;0.477308841666667;0.500257445833333;0.472419743478261
2020-01-07;0.466277395652174;0.495358130434783;0.5007857;0.477604469565217;0.500620373913043;0.472679633333333
2020-01-08;0.466561295833333;0.495025833333333;0.5009704375;0.477825845454545;0.500955418181818;0.472898120833333
2020-01-09;0.466892468181818;0.494877304545455;0.501166791666667;0.478105743478261;0.501227386956522;0.473075240909091
2020-01-10;0.467563275;0.494651833333333;0.501251204761905;0.478377708695652;0.501517765217391;0.473349027272727
2020-01-11;0.468343;0.494567840909091;0.501600308333333;0.4787234;0.5014462;0.473522066666667
2020-01-12;0.468941345454545;0.494832;0.501668966666667;0.4790173625;0.501700079166667;0.473645126086957
2020-01-13;0.469584113043478;0.495105430434783;0.501830879166667;0.479266747826087;0.501820882608696;0.4740117625
2020-01-14;0.470068273913044;0.495334530434783;0.501825813043478;0.479499586956522;0.50198442173913;0.474164208695652
2020-01-15;0.470392857142857;0.495514928571429;0.501843408333333;0.479701791666667;0.5020869125;0.474615380952381
2020-01-16;0.470660454166667;0.495517075;0.501670717391304;0.479868254166667;0.5021588875;0.475005308333333
2020-01-17;0.470779738095238;0.495920976190476;0.501675247826087;0.479963669565217;0.502261339130435;0.475377322727273
2020-01-18;0.470772638095238;0.496020842857143;0.5013688;0.480102969565217;0.502401143478261;0.475803869565217
2020-01-19;0.470591633333333;0.496339658333333;0.501658633333333;0.480195758333333;0.502522620833333;0.475698639130435
2020-01-20;0.470412595238095;0.496871404761905;0.501757529166667;0.48034177826087;0.502673104347826;0.47481715
2020-01-21;0.470191533333333;0.4975558125;0.502024691666667;0.480423273913043;0.502880573913044;0.473984069565217
2020-01-22;0.46996567826087;0.497356795652174;0.50184583;0.480482210526316;0.50301192631579;0.473328541666667
2020-01-23;0.46973815;0.49830005;0.502008582608696;0.4805310625;0.503170804166667;0.472942058333333
2020-01-24;0.469540790909091;0.498355259090909;0.502198968181818;0.480636390476191;0.503244538095238;0.472906838095238
2020-01-25;0.469448269565217;0.498524691304348;0.5024245625;0.480730083333333;0.503448516666667;0.472884183333333
2020-01-26;0.469282975;0.498914545833333;0.502508416666667;0.480854508;0.503670104;0.472969904545455
2020-01-27;0.469239708695652;0.499025760869565;0.502940043478261;0.480879977272727;0.503879927272727;0.47310625
2020-01-28;0.469211573684211;0.4994414;0.502165808695652;0.480948709090909;0.504199204545455;0.473076716666667
2020-01-29;0.469063073913043;0.498524082608696;0.500959440909091;0.480904290909091;0.504628054545455;0.473303081818182
2020-01-30;0.469083920833333;0.498503266666667;0.500963304347826;0.480687695652174;0.504916595652174;0.472985604545455
2020-01-31;0.469445076190476;0.4984533;0.501036291304348;0.480688952173913;0.50519842173913;0.47268885
2020-02-01;0.470065654166667;0.4986505875;0.501199095652174;0.480921066666667;0.50543945;0.472556308695652
2020-02-02;0.470755995652174;0.498730160869565;0.501186095652174;0.481208856521739;0.505713717391304;0.47272422173913
2020-02-03;0.47142025;0.498289163636364;0.500040426086957;0.481568565217391;0.505956008695652;0.472750256521739
2020-02-04;0.472470475;0.49844210625;0.50024559;0.481807285;0.506098995;0.473040610526316
2020-02-05;0.474146033333333;0.497870583333333;0.500973422222222;0.481549405555556;0.506260355555556;0.473529214285714
2020-02-06;0.475051505882353;0.497646429411765;0.501999125;0.4812268375;0.506162483333333;0.474112133333333
2020-02-07;0.4757437;0.496869195454545;0.5035175;0.480783526086957;0.506036017391304;0.474814986956522
2020-02-08;0.476124608333333;0.496460533333333;0.504907152173913;0.480404783333333;0.50601635;0.475080670833333
2020-02-09;0.47626115;0.496299258333333;0.50599697826087;0.480282495833333;0.505952129166667;0.475237283333333
2020-02-10;0.476346170833333;0.496646683333333;0.506289279166667;0.480733625;0.5059604375;0.475442054545455
2020-02-11;0.476590271428571;0.496213023809524;0.506257904166667;0.48131385;0.505988833333333;0.475748086956522
2020-02-12;0.476875720833333;0.496713175;0.505553508695652;0.481852666666667;0.5059879;0.4758200125
2020-02-13;0.477199245833333;0.4966235625;0.50576222173913;0.482096373913043;0.506050243478261;0.475648947826087
2020-02-14;0.47742785;0.496467613636364;0.5047511625;0.482548338095238;0.506159595238095;0.475208970833333
2020-02-15;0.4776857;0.496793708333333;0.504716954545455;0.482512519047619;0.506216642857143;0.474784720833333
2020-02-16;0.478015308333333;0.496664745833333;0.5048881375;0.482407716666667;0.506251745833333;0.474440239130435
2020-02-17;0.4782278;0.496874495454545;0.505149230434783;0.482355091666667;0.506330566666667;0.474415852380952
2020-02-18;0.478506684615385;0.496650515384615;0.505385223076923;0.482216371428571;0.506282735714286;0.474430853846154
2020-02-19;0.478617604761905;0.496759;0.50556182173913;0.481915079166667;0.5063247375;0.474399573913043
2020-02-20;0.478869691666667;0.496502495833333;0.505946276190476;0.481570625;0.506403020833333;0.474647013043478
2020-02-21;0.479071754166667;0.4962026375;0.506043183333333;0.481443016666667;0.506322616666667;0.474650891666667
2020-02-22;0.479148145833333;0.496094516666667;0.506360982608696;0.481606169565217;0.506366330434783;0.475083726086957
2020-02-23;0.479129723809524;0.496415185714286;0.506418695454545;0.481822627272727;0.506347813636364;0.475440468421053
2020-02-24;0.47910735;0.496216822222222;0.506395785;0.482047965;0.50631352;0.475909866666667
2020-02-25;0.479097395833333;0.496268620833333;0.506177841666667;0.482146765217391;0.506321443478261;0.47602165
2020-02-26;0.479032816666667;0.496169858333333;0.505228928571429;0.482079873913043;0.506381530434783;0.476257460869565
2020-02-27;0.479212636363636;0.49607655;0.504949585714286;0.481165878947368;0.506328557894737;0.476130033333333
2020-02-28;0.479698091666667;0.496056433333333;0.50342057826087;0.480186866666667;0.506414966666667;0.475734575
2020-02-29;0.480790595652174;0.495655534782609;0.503364214285714;0.479173075;0.506379491666667;0.475473375
2020-03-01;0.481688760869565;0.495534326086957;0.503143733333333;0.478472960869565;0.506488343478261;0.475005413636364
2020-03-02;0.482767561904762;0.49496989047619;0.503839004166667;0.477955882608696;0.506513395652174;0.475436514285714
2020-03-03;0.483563026086957;0.494709608695652;0.505254041666667;0.4774572375;0.506509804166667;0.475773458333333
2020-03-04;0.483497863636364;0.494689463636364;0.507352786956522;0.4771652375;0.506384904166667;0.475982556521739
2020-03-05;0.482603547619048;0.495270033333333;0.507167333333333;0.477775104166667;0.50622075;0.47672575
2020-03-06;0.481534473913043;0.489731273913043;0.502703070833333;0.478989956521739;0.506007895652174;0.4766805125
2020-03-07;0.482003125;0.497106020833333;0.508336647826087;0.479631428571429;0.506000795238095;0.476799879166667
2020-03-08;0.481413945833333;0.4996704625;0.509869329166667;0.4806824875;0.506378204166667;0.4775409875
2020-03-09;0.480555618181818;0.503908236363636;0.5091167875;0.481752125;0.507323670833333;0.481558761904762
2020-03-10;0.479824859090909;0.506612613636364;0.508996495652174;0.482278558333333;0.508383441666667;0.48674305
2020-03-11;0.479220923809524;0.507878480952381;0.50813147826087;0.482585856521739;0.509122265217391;0.489718273913043
2020-03-12;0.4788545;0.5080381;0.507990083333333;0.4826979125;0.509574979166667;0.490860643478261
2020-03-13;0.478597826086957;0.508162830434783;0.507540875;0.482863891666667;0.509885833333333;0.491630320833333
2020-03-14;0.478488808695652;0.508899017391304;0.507334270833333;0.483021779166667;0.5102153625;0.492186166666667
2020-03-15;0.4787075875;0.5099017125;0.507360309090909;0.483235716666667;0.510630016666667;0.492598461904762
2020-03-16;0.4790343125;0.510940575;0.507615125;0.483435058333333;0.510982879166667;0.493093804347826
2020-03-17;0.479625317391304;0.511335773913044;0.507881541666667;0.483726045833333;0.511243679166667;0.493221126086957
2020-03-18;0.48031485;0.511490716666667;0.508447845833333;0.4838924;0.512053525;0.493516758333333
2020-03-19;0.4811358;0.511365116666667;0.50900467826087;0.48403705;0.513085895833333;0.493867
2020-03-20;0.481952604761905;0.511073328571429;0.509470629166667;0.484234758333333;0.513618695833333;0.494345657142857
2020-03-21;0.482466390909091;0.510623554545455;0.509949533333333;0.48428837826087;0.513069773913043;0.494032066666667
2020-03-22;0.482960495652174;0.509550991304348;0.5105582;0.484328082608696;0.513593208695652;0.494079765217391
2020-03-23;0.483752870833333;0.509895654166667;0.511310317391304;0.484524122727273;0.514642131818182;0.494990126086957
2020-03-24;0.484670608695652;0.510137460869565;0.51192362173913;0.4848249125;0.515388633333333;0.4960007
2020-03-25;0.4853332875;0.510467029166667;0.512463795833333;0.4850897875;0.516002445833333;0.496818965217391
2020-03-26;0.486024433333333;0.510253845833333;0.513019560869565;0.485297858333333;0.51654175;0.497416165217391
2020-03-27;0.486562447826087;0.510075908695652;0.513483666666667;0.485511026086957;0.516754204347826;0.49797377826087
2020-03-28;0.486992754166667;0.510145579166667;0.513966456521739;0.485716017391304;0.517086117391304;0.4981728875
2020-03-29;0.4876018;0.510614965217391;0.514343517391304;0.485811395454545;0.517141372727273;0.498712059090909
2020-03-30;0.487913358333333;0.5108151625;0.51475069047619;0.48596585;0.51719296;0.499102991666667
2020-03-31;0.488244143478261;0.510856956521739;0.514983739130435;0.486065042857143;0.517273419047619;0.499684333333333
2020-04-01;0.488574416666667;0.5117917125;0.515321343478261;0.486179643478261;0.517338682608696;0.500467741666667
2020-04-02;0.488963952173913;0.511783695652174;0.515664320833333;0.486301320833333;0.517435579166667;0.500924204166667
2020-04-03;0.489184720833333;0.512442920833333;0.515927845833333;0.486346033333333;0.517478166666667;0.501698679166667
2020-04-04;0.489395095833333;0.513181483333333;0.516381991304348;0.486475839130435;0.517517969565217;0.502150365217391
2020-04-05;0.489558629166667;0.513639754166667;0.5167014625;0.486618729166667;0.517580545833333;0.502639570833333
2020-04-06;0.489580270833333;0.51361425;0.517159708333333;0.4866965375;0.5176221;0.5026854625
2020-04-07;0.489609368181818;0.513688918181818;0.517590656521739;0.486660181818182;0.517606422727273;0.502275872727273
2020-04-08;0.489574435;0.513489995;0.517849943478261;0.486668963636364;0.517651336363636;0.501552181818182
2020-04-09;0.489445436363636;0.513746572727273;0.518406473913044;0.486621156521739;0.517787582608696;0.500736420833333
2020-04-10;0.489333365217391;0.513390360869565;0.518884095833333;0.486536473913043;0.517938660869565;0.5004129125
2020-04-11;0.489254666666667;0.5137785;0.519425986956522;0.486373483333333;0.5181244625;0.500509068181818
2020-04-12;0.489331233333333;0.513709654166667;0.519758195652174;0.486310425;0.518393570833333;0.500510491304348
2020-04-13;0.489395526086957;0.514048765217391;0.520325441666667;0.48610702173913;0.518621856521739;0.500414075
2020-04-14;0.489602304166667;0.514011275;0.520753495833333;0.485538342857143;0.518982952380952;0.499858486956522
2020-04-15;0.489943158333333;0.513769991666667;0.521156470833333;0.4848130375;0.519269116666667;0.498807752173913
2020-04-16;0.490061191666667;0.513473041666667;0.522272825;0.484139345833333;0.519743775;0.496279134782609
2020-04-17;0.490286823809524;0.51444760952381;0.522751436363636;0.483293026086957;0.520665691304348;0.491097056521739
2020-04-18;0.493228082608696;0.514210247826087;0.5224026625;0.482667754166667;0.520917954166667;0.489831327272727
2020-04-19;0.49665082173913;0.514230926086957;0.521832195652174;0.483215361904762;0.520958033333333;0.4882843
2020-04-20;0.498694991304348;0.514308573913044;0.521349443478261;0.485829386956522;0.521202734782609;0.4851399875
2020-04-21;0.4997509;0.5139101625;0.520778530434783;0.488987725;0.5214751;0.481881465217391
2020-04-22;0.499707194117647;0.513678541176471;0.520117361904762;0.49127830952381;0.521785947619048;0.479296121052632
2020-04-23;0.498859342857143;0.513819978571429;0.519582586363636;0.492961009090909;0.521888827272727;0.477652388888889
2020-04-24;0.49751963;0.51364951;0.519014291304348;0.493820983333333;0.522078083333333;0.476610491666667
2020-04-25;0.495639373913043;0.513789213043478;0.51847506;0.494283831818182;0.522356031818182;0.475832195454545
2020-04-26;0.49315703;0.513556635;0.517844105;0.494713081818182;0.522483872727273;0.475474968181818
2020-04-27;0.490203908695652;0.513807839130435;0.517264640909091;0.494991456521739;0.522651365217391;0.475444029166667
2020-04-28;0.487090182608696;0.513771165217391;0.516565225;0.495277595454545;0.523032990909091;0.475753195454545
2020-04-29;0.483612405;0.51529997;0.51583942173913;0.4955019;0.5232984375;0.4767436
2020-04-30;0.480481316666667;0.515072166666667;0.515249995833333;0.495296073913043;0.523394095652174;0.478440075
2020-05-01;0.4780672;0.513846095833333;0.515473461904762;0.494379056521739;0.523300339130435;0.480365056521739
2020-05-02;0.478190560869565;0.506582373913044;0.517061945833333;0.492609071428571;0.522940752380952;0.4807407
2020-05-03;0.478801933333333;0.5030880375;0.516185217391304;0.491598108695652;0.522832465217391;0.478988791666667
2020-05-04;0.479827675;0.502411004166667;0.516020279166667;0.491113154545455;0.522873313636364;0.476729191666667
2020-05-05;0.4817158;0.502511929166667;0.515299343478261;0.490891595833333;0.522952654166667;0.4746844875
2020-05-06;0.482831639130435;0.502376330434783;0.513990125;0.491264004347826;0.523113373913043;0.472999508695652
2020-05-07;0.482799726086957;0.501922391304348;0.514247541666667;0.491230845833333;0.5230040125;0.472043695833333
2020-05-08;0.484511804166667;0.501360954166667;0.514406391304348;0.490893622727273;0.522886559090909;0.47125047826087
2020-05-09;0.4872894;0.501157027272727;0.514422247619048;0.49036565;0.522689818181818;0.470903639130435
2020-05-10;0.490868363636364;0.500239395454545;0.514379352173913;0.48929558;0.522551005;0.471020277272727
2020-05-11;0.494042830434783;0.500199904347826;0.514029795238095;0.488114814285714;0.522372376190476;0.4714072
2020-05-12;0.496571295652174;0.500398891304348;0.5139312;0.486913566666667;0.521951616666667;0.471911916666667
2020-05-13;0.498524791666667;0.499802745833333;0.51402392173913;0.485763176190476;0.521639042857143;0.472281456521739
2020-05-14;0.500577447826087;0.500308482608696;0.513408604761905;0.484816504347826;0.521366886956522;0.4726781
2020-05-15;0.501859731818182;0.500000009090909;0.513442354545455;0.484196982608696;0.52108787826087;0.472855772727273
2020-05-16;0.503079595833333;0.5000191125;0.513610839130435;0.483543;0.520607025;0.473209295833333
2020-05-17;0.504232540909091;0.50009105;0.513781054166667;0.48310267826087;0.520183604347826;0.473545683333333
2020-05-18;0.505309425;0.500071879166667;0.513829441666667;0.482657670833333;0.519592583333333;0.473805533333333
2020-05-19;0.506039918181818;0.500350540909091;0.513702960869565;0.482312471428571;0.519074052380952;0.4737392
2020-05-20;0.506510860869565;0.500532647826087;0.513637268421053;0.482046461904762;0.518581452380952;0.473925791304348
2020-05-21;0.506881973913043;0.5003984;0.512952854166667;0.481787845454545;0.518775559090909;0.4737929875
2020-05-22;0.5069554375;0.50008735;0.512138483333333;0.4819470375;0.519640541666667;0.472776904166667
2020-05-23;0.503234843478261;0.498919034782609;0.512025577272727;0.482531730434783;0.520316113043478;0.471544939130435
2020-05-24;0.496740959090909;0.498132163636364;0.511956304545454;0.4838597375;0.520576975;0.469812730434783
2020-05-25;0.49085325;0.497212516666667;0.511810795833333;0.485579366666667;0.5204496;0.468194183333333
2020-05-26;0.486027772727273;0.497554581818182;0.511544770833333;0.486885252173913;0.520066;0.467427640909091
2020-05-27;0.482584756521739;0.496993073913043;0.511181543478261;0.487550495833333;0.519691241666667;0.467757138095238
2020-05-28;0.479661340909091;0.496603736363636;0.510839059090909;0.487661104545455;0.518522718181818;0.46831165
2020-05-29;0.477061977272727;0.49696445;0.51049246;0.487277481818182;0.519127031818182;0.470884409090909
2020-05-30;0.474498275;0.497876141666667;0.509981047619048;0.486818028571429;0.519288476190476;0.473579904347826
2020-05-31;0.471788370833333;0.4982641625;0.509501886956522;0.486107527272727;0.519147190909091;0.477026483333333
2020-06-01;0.469410686956522;0.498181313043478;0.509130056521739;0.48531707826087;0.518718595652174;0.479983752173913
2020-06-02;0.4676352875;0.4981044625;0.508600134782609;0.484391542857143;0.518360180952381;0.482340695652174
2020-06-03;0.465819476190476;0.498969142857143;0.508337704545455;0.483572833333333;0.5191297375;0.484358285
2020-06-04;0.464339616666667;0.4993382;0.508005634782609;0.482647695652174;0.518740152173913;0.486382573913043
2020-06-05;0.46260185;0.499744545833333;0.507533791304348;0.481713038095238;0.517032257142857;0.489007708695652
2020-06-06;0.461068545833333;0.499571029166667;0.507217691666667;0.480870329166667;0.516390083333333;0.491993908695652
2020-06-07;0.459940939130435;0.49911477826087;0.50740525;0.480056165217391;0.515938682608696;0.49457912173913
2020-06-08;0.460178154545455;0.496706181818182;0.508314775;0.479064613043478;0.515633269565217;0.493055208333333
2020-06-09;0.458770629166667;0.496301854166667;0.506668839130435;0.477972154166667;0.515967320833333;0.490992322727273
2020-06-10;0.457458668421053;0.496036731578947;0.506765166666667;0.477450739130435;0.515243130434783;0.492885354545455
2020-06-11;0.456681654545455;0.495564931818182;0.50686467;0.47697514;0.514796985;0.494996176190476
2020-06-12;0.456635642857143;0.4945878;0.508388008333333;0.476566747826087;0.51438037826087;0.494170347619048
2020-06-13;0.457205275;0.493603625;0.508174231818182;0.476239981818182;0.514636995454545;0.488255361904762
2020-06-14;0.457055386363636;0.494033395454545;0.508499833333333;0.476323818181818;0.514395390909091;0.486226195833333
2020-06-15;0.457731504761905;0.493818052380952;0.507544352173913;0.47673112173913;0.514564743478261;0.482865657142857
2020-06-16;0.457459939130435;0.492521895652174;0.5071793;0.4770663;0.514588919047619;0.483694778571429
2020-06-17;0.456708056521739;0.492842660869565;0.5070501625;0.476898259090909;0.514264954545455;0.484804281818182
2020-06-18;0.45650809;0.49156064;0.507587395238095;0.476574360869565;0.513842073913043;0.485469631818182
2020-06-19;0.455978443478261;0.49208362173913;0.506484827272727;0.475935439130435;0.513538973913043;0.484915886956522
2020-06-20;0.455580245;0.49217396;0.506483931818182;0.475772729166667;0.513298379166667;0.486973986956522
2020-06-21;0.454786545454545;0.4913715;0.506171608333333;0.475426520833333;0.513203129166667;0.488603591304348
2020-06-22;0.454423643478261;0.490997826086957;0.506121429166667;0.475147975;0.513234870833333;0.489589223809524
2020-06-23;0.454397352380952;0.4904505;0.506132047619048;0.47507172173913;0.51328337826087;0.489187890909091
2020-06-24;0.454606077272727;0.490384240909091;0.506197316666667;0.4751435;0.5133763375;0.488063757142857
2020-06-25;0.454808804761905;0.489706885714286;0.506280425;0.475381170833333;0.513515941666667;0.487306063157895
2020-06-26;0.455093110526316;0.489361426315789;0.506356613043478;0.475566656521739;0.513607213043478;0.486226289473684
2020-06-27;0.455243257142857;0.490260876190476;0.506493904545455;0.475779475;0.513673233333333;0.485706088888889
2020-06-28;0.455417423809524;0.490648380952381;0.506556175;0.475823966666667;0.513718795833333;0.485080708333333
2020-06-29;0.455510265217391;0.489882469565217;0.507427647826087;0.475924027272727;0.514426881818182;0.484654842857143
2020-06-30;0.456324466666667;0.4887065375;0.508043891304348;0.477324316666667;0.515154745833333;0.4822474125
2020-07-01;0.456937883333333;0.4884523125;0.5072669375;0.477650379166667;0.514918445833333;0.4810177
2020-07-02;0.457091975;0.487460620833333;0.5073623625;0.47743915;0.514946229166667;0.480816481818182
2020-07-03;0.457023426086957;0.488341191304348;0.507430191666667;0.477221608695652;0.51486767826087;0.48008907
2020-07-04;0.456852355;0.48845601;0.507434220833333;0.477082229166667;0.515013754166667;0.479902210526316
2020-07-05;0.456504070833333;0.487270975;0.507535956521739;0.476890454166667;0.514882633333333;0.479881113043478
2020-07-06;0.45632785;0.487065863636364;0.507663404347826;0.476445970833333;0.514681133333333;0.479546018181818
2020-07-07;0.456230805882353;0.487267335294118;0.507743479166667;0.476179520833333;0.5152627125;0.479034423809524
2020-07-08;0.456431565;0.48679848;0.508031108333333;0.476106091666667;0.515611720833333;0.478169515
2020-07-09;0.457148391304348;0.486908569565217;0.508682920833333;0.47619835;0.515079029166667;0.477761065
2020-07-10;0.4576945;0.486855635;0.508978160869565;0.476306741666667;0.516117629166667;0.477075447619048
2020-07-11;0.4585211375;0.487010316666667;0.509403930434783;0.476743916666667;0.516357754166667;0.475932004545455
2020-07-12;0.459529663636364;0.486759268181818;0.509652795652174;0.476551354545455;0.515549640909091;0.475225943478261
2020-07-13;0.460625652173913;0.486640373913043;0.507917008333333;0.476224129166667;0.516467325;0.473778666666667
2020-07-14;0.4612713;0.486841045454545;0.50781195;0.476551913043478;0.516946008695652;0.473810547826087
2020-07-15;0.46139229;0.48672733;0.50760059;0.476645963636364;0.516874690909091;0.473169088888889
