Date,Precip,Tmin,Tmax,Temp,Rs,uz,RH,ET0
2018-09-14,0,13.4,24,19.793023255814,0.107427906976744,0.564186046511628,74.2960370238383,0.841402458409675
2018-09-15,0,11.1,22.6,16.471875,0.08804375,0.701354166666667,78.6967730569347,1.0254521865674
2018-09-16,0,8.2,23.1,15.1958333333333,0.078075,0.410729166666667,82.9757709573651,0.831702628322188
2018-09-17,0,7.9,27.2,16.6947916666667,0.0817125,0.34875,80.5398907991937,0.980324424213695
2018-09-18,0,9.9,27.4,17.6479166666667,0.0756625,0.3825,83.2431966411808,0.95782620898466
2018-09-19,0,10.2,28,18.1677083333333,0.07861875,0.357395833333333,79.4548647470695,1.00751597915658
2018-09-20,0,10.3,29,17.9052083333333,0.07589375,0.333020833333333,78.0195959882679,1.05954898334247
2018-09-21,0.102,9.4,25.8,16.7864583333333,0.05496875,0.5590625,78.476644703085,1.10151436313672
2018-09-22,0,8,20.3,14.4958333333333,0.0759875,0.4925,65.6383995450239,1.01392057779946
2018-09-23,6.736,12.8,27.5,20.6885416666667,0.06170625,1.14041666666667,60.9133152455982,1.55149427352403
2018-09-24,0,8.4,14,11.415625,0.07006875,2.01864583333333,70.7391833832559,1.43654239669941
2018-09-25,0,6.6,15.6,10.7666666666667,0.07385,2.58333333333333,58.8044507809905,2.08220696512946
2018-09-26,0,0.5,20,9.93333333333333,0.06964375,0.5128125,73.2025754824586,0.941585617365292
2018-09-27,0,3.2,24,12.046875,0.0679125,0.336666666666667,83.4349787915101,0.904220579330174
2018-09-28,0,4.5,23.5,13.953125,0.06641875,0.5771875,77.7253030207063,1.0854437155118
2018-09-29,0,6.9,16.7,12.809375,0.05063125,1.92177083333333,72.0771764685258,1.32140376653073
2018-09-30,5.175,3.6,22.1,11.5822916666667,0.0582875,0.434270833333333,86.9000938458809,0.868608232480581
2018-10-01,3.367,5,12.1,9.70520833333333,0.02638125,0.698125,91.7550732937184,0.637632976506253
2018-10-02,0.17,3.1,13.3,8.78333333333333,0.05525625,0.436770833333333,84.2119306476224,0.703645417511778
2018-10-03,0,5.7,18.1,11.89375,0.05600625,0.766666666666667,85.0698207117698,0.830534229113886
2018-10-04,0.051,6.5,18.6,11.671875,0.0581625,1.25145833333333,89.1934041955017,1.07458509093916
2018-10-05,0.102,4.2,21.6,11.50625,0.05715625,0.372395833333333,88.1128939566217,0.819766869272229
2018-10-06,0.017,7.3,21.6,12.678125,0.04676875,0.303958333333333,89.7457921555791,0.752107039902448
2018-10-07,0.034,6.6,20.1,13.3625,0.04195625,0.925625,86.6611495646289,0.941418843996053
2018-10-08,0,8.3,18.5,13.6375,0.03629375,0.932708333333333,92.5634916775147,0.752408348883159
2018-10-09,0,7.8,20.3,13.7354166666667,0.0460125,0.609895833333333,91.3768069266262,0.769893766961013
2018-10-10,0.119,6.5,18.4,11.9197916666667,0.03488125,0.5753125,96.7247337901154,0.645164763974395
2018-10-11,0.068,6.6,20,12.0145833333333,0.03610625,0.568229166666667,93.7085232775123,0.756603112669251
2018-10-12,0.102,5.8,24,13.0291666666667,0.04845625,0.371979166666667,85.5056389109287,0.901797713417261
2018-10-13,0.102,4.6,23.5,12.2666666666667,0.04784375,0.390520833333333,86.9347406464506,0.920822024775692
2018-10-14,0.119,4.2,23.7,11.840625,0.04856875,0.361666666666667,84.5867518607074,0.943961261454265
2018-10-15,0.102,2.4,22.5,10.6541666666667,0.046725,0.711666666666667,81.9318817171773,1.31327066885206
2018-10-16,0.017,3.8,21.3,10.5875,0.04444375,0.63,82.0866513342933,1.13366412599141
2018-10-17,0,1.8,20.3,9.753125,0.04533125,0.718020833333333,83.6654054978655,1.12751254264535
2018-10-18,0,3.8,20.4,11.5291666666667,0.0474625,1.534375,80.6323574472367,1.59705156506061
2018-10-19,0.017,4.7,16.7,10.4864583333333,0.040175,1.02885416666667,91.3137624454123,0.770408000037131
2018-10-20,0.068,5.2,17.8,11.315625,0.04253125,1.2390625,90.7962893823424,0.949797434180267
2018-10-21,0.153,3.9,15.4,9.48020833333333,0.04115,1.7803125,92.2149831779597,0.916826797996993
2018-10-22,0,3.1,14.8,8.58020833333333,0.0413625,2.21395833333333,73.7600913301886,1.60181984205548
2018-10-23,0,0.9,16.1,7.95208333333333,0.04115,0.798541666666667,82.1616940821141,0.946284855435104
2018-10-24,0,4.3,18.8,11.3510416666667,0.03504375,0.899791666666667,80.5116824409685,1.0903586939255
2018-10-25,0.051,2.3,18.3,9.596875,0.03855625,0.481458333333333,90.6112969219858,0.737114485109574
2018-10-26,0.085,2.3,13.3,7.54375,0.0246875,0.348541666666667,98.8348571750837,0.473608996866462
2018-10-27,18.198,2.2,8.4,5.91354166666667,0.010425,1.4221875,99.9934943508116,0.460174177856103
2018-10-28,7.725,1.9,4.9,3.097,0.023784,3.3028,99.9093586377771,0.423330666537753
2018-10-29,3.455,2.9,6.6,4.09583333333333,0.0165625,2.75916666666667,99.961625943219,0.450275378110023
2018-10-30,0.748,-1.4,8.4,3.74270833333333,0.020875,2.53979166666667,96.3230612697973,0.643502010973586
2018-10-31,0.102,-1.4,7.2,2.3625,0.020775,0.831458333333333,99.7251344027821,0.422796424262638
2018-11-01,4.833,0.2,14.4,5.95416666666667,0.028175,0.545729166666667,97.3453191425379,0.574286415925547
2018-11-02,0.051,3.8,10.4,7.48645833333333,0.0177,0.5428125,99.9859299982011,0.428934913743739
2018-11-03,0,8,12.1,9.6625,0.029375,1.49895833333333,95.9119651929614,0.569012040977724
2018-11-04,0,7.8,9.8,8.64479166666667,0.01418125,0.906770833333333,99.9151264977348,0.431946925005456
2018-11-05,0,4.5,11.7,7.98645833333333,0.02118125,0.48875,100.012594955535,0.439660199468273
2018-11-06,0.136,4,13.3,7.85833333333333,0.0245875,0.703958333333333,99.3531910774188,0.483052376756171
2018-11-07,3.794,3.6,12.7,8.115625,0.02375,0.526875,98.8401839846943,0.470350168771195
2018-11-08,4.081,4.4,12.3,8.74791666666667,0.0289875,0.883645833333333,98.5238097217688,0.512628264259758
2018-11-09,0.085,3.2,7.1,5.7375,0.01406875,0.5128125,100.050730564364,0.409472145295622
2018-11-10,0.969,5.2,7.6,6.44375,0.012175,0.54625,99.9750648916281,0.421213828975803
2018-11-11,4.524,5.1,13.1,8.47395833333333,0.022725,0.481145833333333,100.074705660095,0.447434156367576
2018-11-12,0.187,4.9,13.8,7.65833333333333,0.0273625,0.495104166666667,99.9229253166443,0.448422906409003
2018-11-13,5.598,6.5,10.3,8.66145833333333,0.01025625,0.5140625,99.9858514584111,0.441588015832229
2018-11-14,0.017,8.7,10.8,9.35104166666667,0.01519375,0.5484375,100.038609613664,0.450598729897363
2018-11-15,0,6.4,9,8.13854166666667,0.0075375,0.6678125,99.9996682347471,0.429695359527579
2018-11-16,0,4.5,6.2,5.15729166666667,0.00609375,1.8859375,99.5650171236142,0.368996196771274
2018-11-17,0,-2.2,5.5,2.76458333333333,0.02026875,1.9346875,98.0963980385513,0.380818161277744
2018-11-18,0,-1.5,3,1.14895833333333,0.01260625,1.98489583333333,97.9040061028844,0.368451462138606
2018-11-19,0,-2,2,0.592708333333333,0.0089125,3.086875,98.6201332981742,0.313747121612051
2018-11-20,0.034,-2.7,1.7,0.102083333333333,0.0213875,1.65729166666667,99.6205319008687,0.299685447742305
2018-11-21,0.102,-0.8,2.5,0.954166666666667,0.01699375,0.70375,99.9053012479916,0.348860315009077
2018-11-22,0.034,-1.1,4,1.4125,0.0153875,0.4825,99.9579659474307,0.365837907611825
2018-11-23,3.385,0.4,2.2,1.36770833333333,0.00705625,0.9934375,100.014130084537,0.343378139244883
2018-11-24,1.309,-0.3,9.8,4.578125,0.0252375,0.544791666666667,99.4936188923053,0.428493839871983
2018-11-25,0.204,-0.6,2.2,1.121875,0.0088625,0.75625,100.004822024676,0.346188504136149
2018-11-26,0.051,2,4.3,3.05625,0.00848125,0.788229166666667,99.9881493686696,0.374538746302315
2018-11-27,2.465,-1.7,5.3,2.68125,0.01668125,0.437083333333333,100.051256772978,0.371827929084499
2018-11-28,0.017,-1.4,3.9,0.764583333333333,0.01889375,0.342083333333333,100.003077134287,0.368779030435015
2018-11-29,0.034,-1.8,5.5,1.53541666666667,0.0140625,0.3915625,100.019775700779,0.374290745282608
2018-11-30,2.448,-0.3,4.9,2.590625,0.011925,0.325416666666667,99.8883310676943,0.383038049244079
2018-12-01,0.085,1.8,7.6,4.1875,0.02005625,0.3990625,99.9650242943937,0.413627712196293
2018-12-02,15.431,3.6,9.2,7.05625,0.00576875,1.83177083333333,100.01983756388,0.404280276496837
2018-12-03,12.333,8.2,11.8,10.2114583333333,0.0078875,2.238125,100.039384903205,0.435784334458272
2018-12-04,2.687,4.6,10.7,8.75,0.0156875,1.2096875,99.6740940012039,0.443458932373528
2018-12-05,0.051,4.3,8.7,6.346875,0.01721875,0.35625,100.010224540795,0.434205816637008
2018-12-06,1.241,4.9,11.3,7.72708333333333,0.01711875,0.814583333333333,100.041651678192,0.440690409802476
2018-12-07,2.448,5.4,12.2,8.68333333333333,0.02000625,1.70875,98.9271544341173,0.496553534785807
2018-12-08,0.391,4,7.1,5.85,0.0120625,3.256875,95.2586269244874,0.560135839850552
2018-12-09,8.609,5.2,8.5,6.71666666666667,0.0110875,3.46552083333333,98.9739218734571,0.427990685550709
2018-12-10,1.888,3,6.2,4.81979166666667,0.0124875,1.46208333333333,98.3556048219217,0.448796049970391
2018-12-11,1.924,-2.1,4.6,1.115625,0.0176375,0.78625,97.1280789912995,0.438951768313491
2018-12-12,0,-4,1.8,-1.2,0.02064375,1.29041666666667,98.3664233654701,0.357644690827006
2018-12-13,0,-2.8,1.5,-0.216666666666667,0.02109375,1.5440625,92.4353757968002,0.446947140145521
2018-12-14,0,-1.4,0,-0.802083333333333,0.0140625,2.12354166666667,95.2331290533412,0.326654966916427
2018-12-15,0,-3,-0.5,-1.55520833333333,0.00773125,1.26166666666667,93.7676979792941,0.34959387506059
2018-12-16,4.879,-2.4,2.6,0.15,0.01185,0.668125,99.9951538987298,0.347471154294644
2018-12-17,1.02,-2.2,5.6,1.23125,0.0153875,0.498645833333333,100.042760730423,0.374083162283477
2018-12-18,0.119,-2.8,2.8,-1.0375,0.019225,0.550208333333333,99.9766331909738,0.349214748989662
2018-12-19,8.014,-2,1.9,0.130208333333333,0.0051125,0.473020833333333,99.8775560950231,0.351718425688471
2018-12-20,0.306,0.4,6.7,3.65104166666667,0.01334375,0.9696875,99.7510986575293,0.385606537735402
2018-12-21,8.128,4.4,8.6,6.196875,0.0054,2.48125,98.9829595233038,0.412082989661841
2018-12-22,0.867,8.6,11.4,9.965625,0.01469375,2.636875,99.0930547168361,0.470771134840217
2018-12-23,4.659,7.2,9.6,8.709375,0.00616875,1.46614583333333,100.051928077939,0.428076569113895
2018-12-24,3.928,-0.4,10.3,6.365625,0.00613125,1.58,99.850823967267,0.40286184189077
2018-12-25,0.238,-1.3,3,0.655208333333333,0.01599375,1.09010416666667,100.054983004577,0.344944867267531
2018-12-26,0,-1.8,-0.1,-0.798958333333333,0.00923125,0.616979166666667,100.039074658826,0.333242234431146
2018-12-27,0,-2.3,0.1,-1.29583333333333,0.01049375,0.646770833333333,99.8696870521011,0.330132291191317
2018-12-28,0,0,1,0.330208333333333,0.00981875,0.750520833333333,100.038795201875,0.348163670831996
2018-12-29,0,-0.1,0.8,0.286458333333333,0.00704375,1.10822916666667,99.9885313522508,0.335121518995125
2018-12-30,0,0.1,4.5,1.60520833333333,0.014925,0.870416666666667,99.8982995565346,0.370308487392546
2018-12-31,0,1.3,7.7,4.34375,0.01899375,1.2403125,99.8140083066269,0.391506956680566
2019-01-01,0,1.4,4.8,4.16979166666667,0.00740625,0.85875,100.031038301298,0.393930389198032
2019-01-02,0.544,-0.8,3.7,2.01875,0.015875,1.13822916666667,89.5190376794636,0.537436133678858
2019-01-03,0,-4.1,1.8,-1.24791666666667,0.02124375,1.45572916666667,84.4665222543282,0.671739348045773
2019-01-04,0,-4.4,3.1,-1.078125,0.0219125,1.54427083333333,85.8341574058249,0.610383873438593
2019-01-05,0.221,-3.6,0.2,-1.33645833333333,0.00786875,0.466666666666667,99.450377800578,0.335617097910774
2019-01-06,0.782,-1,4.5,1.16041666666667,0.0200875,0.696875,96.9750717850333,0.408363867728434
2019-01-07,0,0.4,3.6,1.95520833333333,0.01360625,0.813229166666667,97.3981710748046,0.407223665207191
2019-01-08,0.936,1.2,4.1,2.32395833333333,0.011975,1.80145833333333,99.0428330652738,0.372960502397564
2019-01-09,0.544,-3.2,2.9,0.310416666666667,0.01193125,1.20229166666667,97.7356812333626,0.395613355413684
2019-01-10,0.476,-5.5,0.7,-1.67916666666667,0.0169,0.6165625,99.9872457504484,0.323525733966238
2019-01-11,0.918,-4.3,0.2,-1.86145833333333,0.0213625,0.7271875,99.5560795299734,0.324716366141283
2019-01-12,5.459,-1.5,3.4,0.955208333333333,0.01784375,0.989895833333333,99.3641433363157,0.363751056638249
2019-01-13,6.019,1.5,6.4,3.425,0.00416875,2.64572916666667,99.967885521328,0.389805128664083
2019-01-14,1.259,2.7,6.1,4.81979166666667,0.0186875,1.9484375,96.2287999737123,0.47238463512337
2019-01-15,0.068,-3.5,6.5,0.86875,0.02585,0.529166666666667,97.6207164155139,0.456135700739571
2019-01-16,0.068,-6,4.8,-1.78020833333333,0.02725625,0.5390625,99.8820958028177,0.35264352398441
2019-01-17,0.391,-2.4,6.2,3.796875,0.00890625,1.85729166666667,97.0054027246643,0.436924349166982
2019-01-18,0.425,-4.1,2.5,-0.582291666666667,0.023925,1.486875,95.0566788704524,0.413645105760065
2019-01-19,0,-6.5,2.2,-3.30416666666667,0.02616875,0.496666666666667,98.0533197172317,0.361137430477252
2019-01-20,0.102,-6.7,1.7,-2.27708333333333,0.02210625,0.474166666666667,98.5236623017506,0.340640256474131
2019-01-21,0,-2.6,3.4,-0.275,0.02999375,1.62354166666667,97.5564397194645,0.430558825944409
2019-01-22,0,-5,-0.1,-1.83854166666667,0.01175,0.675104166666667,97.9278789291039,0.333024178572286
2019-01-23,0,-3.8,0.7,-1.26885245901639,0.0312786885245902,1.05360655737705,97.3569266931964,0.339751738775792
2019-01-24,0,-3.9,1,-1.1125,0.0391285714285714,1.70714285714286,85.4567873756647,0.456631768439661
2019-01-25,0,-7.6,1.2,-2.60919540229885,0.0321172413793103,0.914597701149425,84.2422748543046,0.508530829867056
2019-01-26,0,-1.3,5,0.74375,0.02390625,0.885,89.3545790649609,0.470564152273068
2019-01-27,2.314,-1.1,7.1,2.97708333333333,0.0186375,2.42052083333333,97.5734635846451,0.493721238542983
2019-01-28,0.442,-0.3,2.3,0.568674698795181,0.0214265060240964,2.20698795180723,98.1575848393103,0.382328031172265
2019-01-29,1.428,-3.1,2.8,-0.762,0.043524,0.6028,98.9973379697643,0.355962640306697
2019-01-30,0.051,-2.9,2.5,-0.343636363636364,0.0321054545454545,2.03945454545455,92.3068806870482,0.485699674108104
2019-01-31,0.17,-1.1,0.2,-0.36,0.03568,1.102,100.114593663786,0.337211996459721
2019-02-03,0,1.4,1.6,1.475,0.069375,3.4675,89.0136949587131,0.594981992270966
2019-02-04,0.034,-4,1,-1.5,0.0501061224489796,0.93,96.8413915198198,0.388513841597336
2019-02-05,0,-8,-3.2,-5.28181818181818,0.0211772727272727,0.414545454545455,100.111779591751,0.307470373677462
2019-02-06,0,-4.9,-3.2,-3.90105263157895,0.0164905263157895,0.830736842105263,99.9324446302478,0.334458894004064
2019-02-07,0.476,-3.2,1,-1.4,0.03088125,1.005,100.256216813846,0.394776103047723
2019-02-08,0,-1.1,5.4,2.55945945945946,0.0625945945945946,0.49027027027027,98.4509508764321,0.435034142012283
2019-02-09,0.034,1.5,9.9,6.85116279069767,0.0453209302325581,1.92720930232558,94.9623048224888,0.588387343072261
2019-02-10,1.242,2.4,10.3,8.15555555555556,0.0438222222222222,4.13185185185185,86.5892506217013,0.826595681075686
2019-02-11,0.459,0.5,4.5,2.53333333333333,0.0482222222222222,1.52166666666667,98.3125907024158,0.476220580768838
2019-02-12,0.034,-1.3,5.8,1.54827586206897,0.0586137931034483,1.0598275862069,94.4785410199741,0.482305681681363
2019-02-13,0.119,-4,7.7,1.20759493670886,0.0436101265822785,0.592405063291139,92.745243064535,0.505878104884469
2019-02-14,0.051,-5.6,9.9,0.142708333333333,0.0399875,0.415729166666667,94.0786184858832,0.516511121293899
2019-02-15,0.051,-5.3,10.5,0.636458333333333,0.04169375,0.4403125,95.0516631484297,0.516053633267535
2019-02-16,0.051,-5.3,13.1,1.43229166666667,0.0434875,0.449583333333333,90.7014375498972,0.693774487069137
2019-02-17,0.051,-5.1,13.1,1.809375,0.04441875,0.527395833333333,85.9983245048587,0.780048887837467
2019-02-18,0.068,-5.1,12,1.61145833333333,0.0453875,0.6328125,89.6675725030804,0.685192350522937
2019-02-19,0.068,-4.4,12,2.00625,0.044875,0.481666666666667,91.8035312596808,0.613325811810093
2019-02-20,0.068,-4,12.3,2.340625,0.04861875,0.441041666666667,88.8481450878961,0.674062066920243
2019-02-21,0.068,-4.1,14,2.81979166666667,0.04878125,0.488020833333333,86.8710267802861,0.738998244790115
2019-02-22,0,-2,14.3,6.065625,0.0499875,1.7228125,83.5187338713827,1.06329713574074
2019-02-23,0,4,10.4,6.49270833333333,0.04968125,3.6446875,69.8993041299612,1.73007424796389
2019-02-24,0,-4.7,11,3.31041666666667,0.05599375,1.55041666666667,59.2778022666645,1.28468770733805
2019-02-25,0,-3.3,12.7,3.78958333333333,0.0577,1.12458333333333,65.8271229788441,1.12789663011777
2019-02-26,0.051,-4.9,14.4,3.09375,0.05663125,0.81375,81.6561674076577,0.994462848347343
2019-02-27,0.051,-4.7,17.9,4.47083333333333,0.05961875,0.859791666666667,75.9205123894331,1.4094361317493
2019-02-28,0.034,-4,19.1,6.46041666666667,0.058875,1.21489583333333,72.3633271803649,1.70031357562536
2019-03-01,1.343,5.3,8.2,6.890625,0.02384375,2.4515625,89.6817655428475,0.744134683370443
2019-03-02,0,3.8,9.8,6.57395833333333,0.03753125,1.02572916666667,97.0179968882537,0.594521053537439
2019-03-03,0,0.4,13.2,6.84479166666667,0.0608375,1.3021875,86.8813630678452,0.920451460751388
2019-03-04,1.173,-1.6,10.8,4.978125,0.02004375,3.035,84.4771596170329,0.968712110993285
2019-03-05,1.123,-0.7,11.7,5.946875,0.06195,2.57145833333333,79.0874759607198,1.33398262834308
2019-03-06,0.034,-3.5,11.3,2.82708333333333,0.0501625,0.6315625,85.6464810869936,0.754747050999222
2019-03-07,4.305,0.5,11.2,5.64583333333333,0.044575,2.19333333333333,94.3437194712757,0.774864119389684
2019-03-08,1.598,4,9.9,6.31041666666667,0.03676875,1.40958333333333,94.4818212992136,0.635471588320981
2019-03-09,0.68,4.8,9.4,7.821875,0.02629375,2.09010416666667,95.868050828999,0.684094642238925
2019-03-10,4.437,6.5,13,10.0625,0.029075,2.80958333333333,92.9789217369911,0.922738938653844
2019-03-11,1.293,0.4,6.3,3.4875,0.02673125,2.48760416666667,84.8451113228025,0.811398186038893
2019-03-12,0.034,-3,8.5,2.87604166666667,0.07445625,1.19052083333333,89.1314661162052,0.675044012397042
2019-03-13,1.769,2.5,9,5.184375,0.05030625,3.31875,81.8220007489368,1.07767362122957
2019-03-14,11.974,2.1,4.5,3.40104166666667,0.0166,3.445,99.4057102090961,0.623684253060617
2019-03-15,8.864,4.4,11.7,8.14583333333333,0.02918125,2.98020833333333,99.3205462735933,0.812007191332687
2019-03-16,0,3.3,16.4,9.89791666666667,0.0842875,2.1275,84.5355844469141,1.4590868387006
2019-03-17,3.011,-0.4,15,5.65729166666667,0.04968125,1.75885416666667,82.7421616820244,1.37045480472223
2019-03-18,4.168,-1.8,8.2,3.0875,0.0626625,1.08447916666667,88.5671935453893,0.66360739746862
2019-03-19,0.272,-2.6,8.9,2.48229166666667,0.08248125,1.7325,80.5510519091261,1.05488110336437
2019-03-20,0.034,-2.7,10.5,3.47291666666667,0.115775,2.30364583333333,70.1274983915455,1.52290121381112
2019-03-21,0,-3.8,12.2,4.3875,0.11595,1.54760416666667,65.7347005112701,1.32016422696736
2019-03-22,0.034,-4.4,17.4,5.37083333333333,0.11723125,0.515729166666667,74.1481472800496,1.01048632323805
2019-03-23,0.034,-3,19.2,7.3,0.1187125,0.7384375,69.1075094272876,1.30300990287468
2019-03-24,0.034,-2,20.2,8.48333333333333,0.1168375,0.861770833333333,68.0123045647217,1.43137428781541
2019-03-25,0.187,-0.5,11.5,5.29583333333333,0.11789375,1.8490625,70.9175685520046,1.3647640065624
2019-03-26,0,-1.8,9.4,4.903125,0.1048375,2.71635416666667,59.2224346851641,1.65949177963223
2019-03-27,0,-3,11.6,4.79479166666667,0.11605,3.2259375,63.9097290077388,1.8359635895605
2019-03-28,0,0,14,7.88645833333333,0.12748125,3.64708333333333,56.7970570640902,2.40125888206176
2019-03-29,0,-2.1,16.8,7.30416666666667,0.124975,0.783541666666667,65.6198283920384,1.24181386484676
2019-03-30,0.017,-2.8,18.6,7.12604166666667,0.12840625,0.727916666666667,65.2517837749973,1.35527536006358
2019-03-31,0.017,-2.3,18.7,8.46363636363636,0.137788636363636,1.55636363636364,62.5366309626794,2.02280761146142
2019-04-01,0,0.7,19,9.475,0.122875,1.24364583333333,60.5629820379426,0.494315862606464
2019-04-02,0,-0.2,21,9.98333333333333,0.12015,1.08322916666667,63.9553825970842,1.61865547358463
2019-04-03,14.382,-0.1,12,6.54166666666667,0.0386625,1.04958333333333,81.3179910651966,1.81531693178958
2019-04-04,17.848,-0.4,2.2,0.708333333333333,0.01485,0.459791666666667,99.8370936305951,0.972893223885687
2019-04-05,9.428,-0.5,10,2.66979166666667,0.10339375,1.07489583333333,93.2686425164494,0.450573684889959
2019-04-06,0.051,-2.4,13.4,4.58333333333333,0.107775,1.39854166666667,86.9582396024121,0.670707016807319
2019-04-07,0,3,9.6,6.578125,0.04906875,0.601354166666667,96.9901035469917,1.04471616931577
2019-04-08,0,4.1,14.8,8.68645833333333,0.0951375,0.873229166666667,80.6043078375213,0.576549049183167
2019-04-09,0,2.2,15.8,8.24375,0.12570625,1.05729166666667,80.4486857102026,0.942627615916789
2019-04-10,0.017,1.8,13.6,8.025,0.08654375,1.40114583333333,82.4463686792758,1.11053197446639
2019-04-11,0,6.6,11.7,9.484375,0.08110625,3.1115625,72.131557132776,1.00340483800802
2019-04-12,0,1,12.3,6.69479166666667,0.13378125,2.18354166666667,66.0570769819023,1.39553342114749
2019-04-13,0,-2.6,11,4.06145833333333,0.08190625,1.51822916666667,74.7835730259485,1.52233125891367
2019-04-14,0,-0.3,6.1,3.78645833333333,0.06041875,2.11979166666667,69.3131038420679,1.10011262623692
2019-04-15,0,0.5,12.5,6.25208333333333,0.1088625,2.195625,77.9040062313896,0.934479852874411
2019-04-16,1.666,-0.2,15.3,7.27291666666667,0.07565625,0.702604166666667,86.0982971534877,1.28615663172297
2019-04-17,0.119,5.6,18.5,11.4302083333333,0.09755,1.04697916666667,81.4557455689366,0.839558921440082
2019-04-18,0,2.1,21.8,11.7145833333333,0.10708125,0.9959375,70.2771358506291,1.20488292699297
2019-04-19,0,3.6,22.1,12.2333333333333,0.09994375,0.772708333333333,69.1663404258378,1.59337636912727
2019-04-20,0,2.4,22.4,12.6427083333333,0.1166125,1.20427083333333,63.6344819902651,1.35460166183321
2019-04-21,0,5.1,21,12.9583333333333,0.0952875,0.626354166666667,61.9939736668057,2.0035575958187
2019-04-22,0,2.9,23.1,13.2822916666667,0.11330625,1.28552083333333,61.9245884018537,1.27299887272285
2019-04-23,0,8.4,22.5,14.6302083333333,0.09326875,0.6253125,61.6935028428363,2.09322923337356
2019-04-24,1.804,5.8,22.4,11.303125,0.0789375,0.9265625,80.0108386974599,1.3391545444004
2019-04-25,0.187,1.1,21.6,10.6135416666667,0.12823125,0.888333333333333,76.3787739934483,1.33127966010058
2019-04-26,10.926,3.9,12.7,7.94375,0.0778875,0.6440625,88.0908277951151,1.38952183353747
2019-04-27,6.62,5.2,12.8,8.059375,0.0529375,1.16979166666667,93.7409782933944,0.694999596376229
2019-04-28,5.005,2.5,10.8,5.97916666666667,0.09443125,0.839791666666667,88.1900494024338,0.738052630267778
2019-04-29,0.051,-0.1,11.8,6.29791666666667,0.09064375,1.320625,86.5707603092792,0.675006645570298
2019-04-30,0,3,14.8,8.88229166666667,0.11428125,1.56802083333333,88.1725728019329,0.785693823469624
2019-05-01,0,1.8,18.9,10.128125,0.1577625,1.18625,72.8818003080097,0.880960389002332
2019-05-02,2.943,1.3,14.5,8.346875,0.07699375,0.644375,92.5504861162903,1.6012838677733
2019-05-03,2.516,6,12.9,9.44895833333333,0.07894375,0.9290625,90.3929250840351,0.640124414745471
2019-05-04,5.425,1,12,6.22604166666667,0.06000625,1.26625,95.2247058454575,0.716202852656666
2019-05-05,0.272,-0.3,9.1,3.67291666666667,0.1141375,1.75666666666667,84.6028392291718,0.717486278209475
2019-05-06,0,-2.3,10.5,4.18333333333333,0.11025,1.1425,76.6455866005324,0.957860933077853
2019-05-07,0,-3.1,15.7,6.521875,0.147725,0.595833333333333,72.2715760503901,0.966727512496126
2019-05-08,26.938,6.6,10.5,8.20104166666667,0.02555625,0.800729166666667,96.8406682376605,0.963076147294981
2019-05-09,3.027,3.1,13.5,8.39479166666667,0.0742625,1.36114583333333,98.3997357783247,0.587731086744024
2019-05-10,3.469,7.6,17.9,11.8770833333333,0.1266125,0.612604166666667,90.7689961736474,0.699399152081547
2019-05-11,4.54,7.1,15.3,10.5885416666667,0.0983625,1.24791666666667,92.8506283379931,0.803690138676896
2019-05-12,3.047,4.4,13,8.63229166666667,0.11616875,1.69625,82.0392847537136,0.724744466878177
2019-05-13,0,5.7,14.4,9.928125,0.1519625,4.3596875,58.6018082912723,1.11318638043999
2019-05-14,0,5.2,14.4,10.121875,0.178325,4.13395833333333,48.404609716777,2.59968184161516
2019-05-15,0,3.9,12.3,8.265625,0.10783125,3.55145833333333,59.354404981982,3.01274664379775
2019-05-16,0,0.5,15.2,8.51979166666667,0.16995625,1.651875,70.9348681475276,2.02201216495182
2019-05-17,0.782,1.9,17.4,9.84270833333333,0.1068375,0.689791666666667,83.6329272902661,1.30736969170657
2019-05-18,0.034,7.8,16.4,12.4572916666667,0.081825,0.482604166666667,85.3977729068408,0.8756857300042
2019-05-19,1.207,9.9,16.9,12.7072916666667,0.07306875,0.568854166666667,94.9790827987497,0.738854768805374
2019-05-20,18.209,10.6,13,11.4958333333333,0.0293875,0.9628125,99.9775047154612,0.656142923505171
2019-05-21,3.013,10.4,18.5,13.6572916666667,0.1032375,0.959375,86.4944459336713,0.646679804447791
2019-05-22,0.374,6.8,21.2,14.2208333333333,0.18049375,0.742916666666667,73.7700624572969,0.931088033936991
2019-05-23,0,5.2,22.1,13.93125,0.185725,0.982708333333333,69.4188006429496,1.17523014903879
2019-05-24,0,6.4,23.6,14.9479166666667,0.15683125,0.605,71.1957733511659,1.60050929471329
2019-05-25,6.939,10,22,14.4114583333333,0.106725,0.565208333333333,86.2922854754328,1.18528159816929
2019-05-26,0.068,10.7,21.5,14.959375,0.129425,0.473854166666667,83.6369242074387,0.912321304516042
2019-05-27,0,6.9,21,14.56875,0.13143125,0.682395833333333,78.2141207802103,0.876960938736041
2019-05-28,11.896,7.5,13.7,10.9864583333333,0.03130625,0.507604166666667,97.5390996098313,1.02737385086426
2019-05-29,3.824,6.9,16.7,10.815625,0.106875,0.477604166666667,93.2817838408166,0.585520009737113
2019-05-30,0.119,3,21.2,11.9197916666667,0.18251875,0.668541666666667,79.0569587950127,0.692465091294641
2019-05-31,0,5.6,23.6,15.4614583333333,0.19295,1.25447916666667,69.8020311667554,1.16257721331329
2019-06-01,0,7.8,27,17.8145833333333,0.1931375,0.712395833333333,67.0811103444841,1.72141436261047
2019-06-02,0,8.6,29.5,19.3916666666667,0.1926875,0.420625,70.3916287040005,1.50387252160284
2019-06-03,0,10.7,27.7,19.4895833333333,0.15259375,0.453854166666667,72.7326883859236,1.17030892451263
2019-06-04,0,12.5,30,20.9854166666667,0.2001375,0.47375,72.5071909620354,1.04391719316098
2019-06-05,0,13,28.9,21.3166666666667,0.20440625,1.193125,68.4597148722715,1.10486164590276
2019-06-06,4.372,8.9,18.7,12.8197916666667,0.0573625,0.909270833333333,82.0090601354056,1.79084904574511
2019-06-07,0.902,6.9,22,13.2364583333333,0.12700625,0.803958333333333,84.5452397004344,0.847932047425555
2019-06-08,0.119,10.9,23.2,16.6135416666667,0.212275,1.09739583333333,56.5895567579538,0.998559592792175
2019-06-09,8.88,6.2,14.6,11.5520833333333,0.0483,0.597395833333333,92.473488505293,1.74409499536153
2019-06-10,40.919,11.4,17.3,13.4302083333333,0.05526875,0.504166666666667,99.5096945796326,0.650818631022474
2019-06-11,6.347,8.8,16.6,13.078125,0.08309375,0.568020833333333,94.9893118229474,0.607120771119416
2019-06-12,3.59,8.9,20.8,14.7927083333333,0.17230625,0.725729166666667,83.9232428495759,0.640045249977608
2019-06-13,0.34,11.8,23.9,17.1395833333333,0.2073375,0.431666666666667,73.2686100413374,0.996059068171625
2019-06-14,0.068,10.3,23.9,17.334375,0.1178,0.940104166666667,80.1594434393543,1.04584403739323
2019-06-15,23.514,10.8,23.9,17.0302083333333,0.11925,0.755625,84.828960956644,1.18705570361627
2019-06-16,0,10.4,21.7,15.7947916666667,0.1623,0.901875,85.5317703775464,0.984873947535079
2019-06-17,0.017,10,25.2,17.775,0.2098375,1.1084375,80.5879067252581,1.00295492119129
2019-06-18,0.017,10.9,28.6,20.0083333333333,0.18736875,0.3978125,78.9914568224009,1.31338630604887
2019-06-19,0,11.6,28.7,20.3875,0.18551875,0.38875,76.9223768953015,1.00377808969665
2019-06-20,2.261,14.8,24.3,18.1770833333333,0.11963125,0.4415625,87.3470929012353,0.964805111458213
2019-06-21,0.442,12.4,22.1,17.5875,0.09595,1.04229166666667,87.4126238813306,0.742461984072638
2019-06-22,0.034,14.7,23.1,18.1833333333333,0.11274375,0.715,88.2955125271935,0.922114621046995
2019-06-23,0.051,11.3,26.1,18.6791666666667,0.17713125,0.747083333333333,82.8007010478272,0.898603217177703
2019-06-24,0.034,12.4,30.9,21.4958333333333,0.197775,0.493125,78.1645440620764,1.12361405849928
2019-06-25,0.017,14.6,32.6,23.8447916666667,0.1852125,0.419479166666667,78.4978696811884,1.24055189504432
2019-06-26,0.017,17.3,35.4,26.0354166666667,0.19205,0.427395833333333,77.015177035927,0.992960306544154
2019-06-27,0.051,17,36.1,25.98125,0.192075,0.465520833333333,76.0350847844047,1.07533350327786
2019-06-28,0,17.2,30.9,24.7989583333333,0.1972875,1.13041666666667,66.4696307494518,1.09093351664939
2019-06-29,0,13.8,31.9,23.0395833333333,0.2014625,0.652604166666667,68.576598624707,1.88209128955794
2019-06-30,0,15.6,34.5,25.5041666666667,0.1901625,0.5334375,76.5916200019165,1.37129416813661
2019-07-01,1.889,18.8,32.8,24.6864583333333,0.167575,0.774479166666667,70.4682635549451,1.09308192161432
2019-07-02,0.034,16.6,27.7,22.1364583333333,0.1661125,0.8340625,78.7379411872531,1.39053688551387
2019-07-03,0,16.4,26.5,20.7927083333333,0.13873125,1.1475,74.1244574524169,1.089316585079
2019-07-04,0,14.3,27.9,21.1302083333333,0.1907,0.998125,69.6072710076819,1.26619552073587
2019-07-05,3.3,13.1,29.8,21.7927083333333,0.1951375,0.395833333333333,75.9232190019762,1.49259618629384
2019-07-06,10.084,12.8,23.8,18.0916666666667,0.0895375,0.480208333333333,93.3050174301726,0.995022071549096
2019-07-07,7.276,14.8,27.5,20.8979166666667,0.1838125,0.7778125,80.3955339418132,0.688167087030329
2019-07-08,0,14.4,24.7,19.6177083333333,0.13366875,0.828125,79.6930815901424,1.23465942178405
2019-07-09,0,11.9,23.5,17.625,0.18424375,1.37416666666667,75.578482295869,1.01442319884978
2019-07-10,0,11.9,23.5,17.2458333333333,0.195425,1.72822916666667,61.1992903797548,1.5248467915259
2019-07-11,0,9,22,15.6979166666667,0.08383125,0.2865625,81.0598265815591,2.04255032614329
2019-07-12,0,10.4,26,18.63125,0.12515625,0.662083333333333,75.8603791697,0.740908883042653
2019-07-13,0.443,13,23.2,18.665625,0.1562375,0.9640625,67.0063353030675,1.12900722435113
2019-07-14,8.911,9.2,24.4,16.8604166666667,0.1864125,1.49572916666667,74.67029437487,1.24991945465923
2019-07-15,3.402,12.6,21,16.2479166666667,0.11546875,1.32625,85.3409248049022,1.74273083552144
2019-07-16,0.034,9.6,27.7,18.3989583333333,0.192125,0.5178125,76.3073265862429,1.09439532192555
2019-07-17,1.022,9.8,28.4,19.1020833333333,0.18399375,0.397604166666667,71.0005468910807,1.1515550144646
2019-07-18,0,10.1,26.2,19.05625,0.15158125,0.334791666666667,71.4140070422671,1.12013813908489
2019-07-19,0,12.7,28.9,20.7979166666667,0.1803625,0.377604166666667,72.5397879330979,0.953902944686196
2019-07-20,0,12.1,29.9,21.1395833333333,0.1521125,0.434895833333333,73.1915695765254,1.02497560281
2019-07-21,0.646,18.1,29,23.0697916666667,0.1628,0.552916666666667,72.8042437509532,1.10610121308562
2019-07-22,0,13.9,31.2,22.4947916666667,0.17240625,0.460833333333333,74.8493373151492,1.0490320486535
2019-07-23,0,14.4,34,24.1260416666667,0.18024375,0.394791666666667,71.2284682693623,1.07720123709575
2019-07-24,0,15.4,36.5,25.3875,0.17451875,0.367708333333333,69.4836512385866,1.16845358974324
2019-07-25,0,14.4,35.7,25.321875,0.181075,0.3625,66.9967740176476,1.17585210198673
2019-07-26,5.958,18.2,34.4,25.3239583333333,0.155375,0.417395833333333,67.192048232916,1.22580386092908
2019-07-27,4.488,17.2,27.2,19.978125,0.12256875,0.4615625,90.8232198501084,1.11508326994123
2019-07-28,21.356,15.1,17.8,16.3208333333333,0.02849375,1.20302083333333,99.6536108081083,0.795049015695156
2019-07-29,0.017,14.1,23,18.2,0.12145,0.5196875,85.1776059591679,0.784949720875785
2019-07-30,6.477,11.2,27.5,18.9385416666667,0.16736875,0.5228125,82.8875157640143,0.801653259709006
2019-07-31,0.017,15.1,24.9,18.93125,0.120575,0.61,80.1877416124868,1.04061452591757
2019-08-01,0,11,26,19.2104166666667,0.17126875,0.573125,71.9254946677102,0.968015410289619
2019-08-02,0.238,14.2,25.1,18.8822916666667,0.10189375,0.324375,85.0134472492604,1.06527216176733
2019-08-03,0,11.8,25.9,19.2197916666667,0.1637,0.4640625,75.2084742736012,0.772337946425306
2019-08-04,0.034,10,28.9,19.2291666666667,0.17229375,0.325833333333333,76.4184311918261,1.00554522040298
2019-08-05,0.306,14.7,30.8,22.2114583333333,0.15203125,0.4190625,76.0834241306067,0.99486965108277
2019-08-06,20.168,16.5,23.3,19.29375,0.06554375,0.416875,96.9070320345863,1.07405257699736
2019-08-07,13.032,15.4,21.1,17.8833333333333,0.049225,0.593541666666667,96.4321563266345,0.585897790029958
2019-08-08,0.119,11.9,27.8,19.0802083333333,0.15909375,0.327083333333333,83.6753661774752,0.613460684190866
2019-08-09,2.858,13.3,31.3,21.5833333333333,0.15574375,0.383333333333333,84.3930994750968,0.891616252113228
2019-08-10,10.714,15.5,24.6,19.7895833333333,0.076525,0.676875,91.4809138106365,0.928833837508885
2019-08-11,4.921,12.3,27.1,18.3760416666667,0.14591875,0.630625,87.8434008018547,0.867478066915179
2019-08-12,3.658,12.9,21.5,17.209375,0.092875,0.631145833333333,89.9709857021322,0.998918802334253
2019-08-13,0,10,21.3,15.6395833333333,0.12815,0.604375,79.3991107879527,0.771268782439865
2019-08-14,0,6.7,23.7,15.4072916666667,0.16330625,0.402395833333333,76.5312074007873,0.913163861345467
2019-08-15,0.221,8.9,24.5,15.99375,0.1125625,0.653958333333333,81.8842363336524,0.954582914838299
2019-08-16,0,9.2,25,17.059375,0.14923125,0.419583333333333,77.1931552717641,1.05304393453201
2019-08-17,0.051,10.1,24,17.4385416666667,0.08075625,0.38625,86.9305130965885,0.981975761988885
2019-08-18,4.885,12.4,32,21.8895833333333,0.15470625,0.4871875,77.1398050813841,0.742869802687954
2019-08-19,23.091,16,23,18.3302083333333,0.06235625,0.6425,96.5073498514962,1.19846707172619
2019-08-20,20.88,12.9,16.7,14.9895833333333,0.02613125,0.5209375,100.064513518886,0.667697209907746
2019-08-21,0.102,10,19.8,15.021875,0.1050875,1.993125,86.6793494436547,0.581712589991132
2019-08-22,0,9.5,21.2,15.275,0.09406875,1.00510416666667,88.5420020685557,1.19430576914831
2019-08-23,0.102,9.3,21.4,15.325,0.08635,0.909791666666667,90.1993150673966,0.84865453316144
2019-08-24,0.051,9.7,26.4,17.771875,0.13456875,0.407604166666667,86.4183134265967,0.852607135501861
2019-08-25,0.136,10.6,27.9,19.125,0.15059375,0.379583333333333,83.2114414015654,0.864363834378373
2019-08-26,0.119,10.2,29,18.9197916666667,0.151525,0.321354166666667,78.8047916389082,0.939986059308056
2019-08-27,0.119,10.5,28.5,19.1520833333333,0.13831875,0.313541666666667,82.8542260435428,1.0305006448196
2019-08-28,1.191,16.8,29,21.5520833333333,0.1340625,0.379583333333333,83.5604782906278,0.857801661707106
2019-08-29,0.034,15.3,28.4,21.3979166666667,0.1383125,0.5275,80.8882480134421,0.889632296664079
2019-08-30,0.068,14,28.1,20.81875,0.13624375,0.737604166666667,80.7373476865296,0.960737191220345
2019-08-31,0.102,13.3,29.2,20.48125,0.136625,0.401354166666667,82.6946103523324,1.18417199434057
2019-09-01,0.68,15.3,25,19.534375,0.085175,0.595,81.9888784843958,0.915601787831694
2019-09-02,0,10.8,18.4,16.2458333333333,0.044625,1.07010416666667,82.0894877977716,0.88875328597498
2019-09-03,0.17,8.6,22.1,14.4520833333333,0.133825,1.0034375,80.8395788364249,0.866375183928859
2019-09-04,0.068,6.6,24.9,15.215625,0.13954375,0.3759375,80.3280009381337,1.29290934669089
2019-09-05,0.102,8.7,16.2,12.5333333333333,0.04681875,0.779583333333333,82.8449427296449,0.896468313119532
2019-09-06,0,11.2,16,13.1302083333333,0.04333125,1.1696875,81.2197153410845,0.851924295074669
2019-09-07,0,9.2,21.1,14.65625,0.1207,0.49875,77.3769752956095,0.905046062310283
2019-09-08,5.07,9.3,15.4,11.7052083333333,0.05978125,0.5996875,89.2771892681358,0.965260925284131
2019-09-09,0.051,6.7,18.7,11.9572916666667,0.1254125,0.3890625,82.3598135244308,0.679843456292684
2019-09-10,0.051,7,20.2,12.81875,0.1128625,0.860520833333333,80.9239329395081,0.813668013454196
2019-09-11,0.102,5.9,20.3,13.871875,0.09175625,0.397916666666667,83.3205270250435,1.14706069353558
2019-09-12,0.068,6.6,24.6,15.0677083333333,0.12204375,0.406458333333333,80.3342575464468,0.717989002043701
2019-09-13,0.085,7.2,26,16.1947916666667,0.11910625,0.513854166666667,80.4153891540699,0.929982880211211
2019-09-14,0.136,10.6,23.6,16.8708333333333,0.101175,0.795729166666667,86.0124638964635,0.999955515669728
2019-09-15,0.17,11,27.8,17.6614583333333,0.10219375,0.317916666666667,86.1926862955376,0.914563485792936
2019-09-16,0.102,10.4,28.6,18.271875,0.10829375,0.3478125,81.7572708717737,0.822225008511665
2019-09-17,2.876,10.4,26.9,17.7885416666667,0.107425,0.7725,76.5338768480619,0.913434417013945
2019-09-18,0,12.5,18.6,15.0614583333333,0.09664375,2.85895833333333,68.2133561373331,1.41389961303832
2019-09-19,0,8.6,18,13.065625,0.110475,3.54354166666667,57.1231731705478,1.89108232925682
2019-09-20,0,4.8,18.6,11.8645833333333,0.10541875,1.58520833333333,67.2194033565416,2.77344841011635
2019-09-21,0,3.7,23.5,12.80625,0.09925625,0.468229166666667,79.6451914778477,1.43883776167813
2019-09-22,3.948,11.2,23.8,16.734375,0.0717625,0.4075,85.2525357688851,0.880739607978758
2019-09-23,13.139,8.8,21.2,14.5072916666667,0.08770625,0.733333333333333,86.0837986331295,0.826162199384034
2019-09-24,3.654,5.8,15.8,10.9520833333333,0.04075,0.4053125,93.1605341557393,0.951463399912491
2019-09-25,2.417,10.5,18.7,14.3322916666667,0.06015625,0.856458333333333,87.2746970319433,0.580888283152387
2019-09-26,1.19,13,19.6,15.2645833333333,0.04818125,0.79625,90.5784235378143,0.867783779394239
2019-09-27,0.63,11.6,23.3,16.7927083333333,0.0930625,0.640416666666667,83.4519039179376,0.696205776636604
2019-09-28,1.309,9.2,21,15.3333333333333,0.08905625,0.601458333333333,77.6885784723184,0.944934676918218
2019-09-29,0.034,5.3,24.7,14.9864583333333,0.08814375,0.4646875,72.7052462407872,0.962810362452404
2019-09-30,0,8.2,23,17.1739583333333,0.08450625,0.810208333333333,68.5265965896082,1.15950330803883
2019-10-01,10.905,4.8,22,13.0052083333333,0.07528125,0.401666666666667,84.4085218055784,1.23339904671214
2019-10-02,9.061,7.3,17.2,12.96875,0.05936875,1.03208333333333,89.3351366419774,0.8145412320501
2019-10-03,0.119,2.7,14.1,8.234375,0.0812625,0.857916666666667,84.7495923005953,0.849423964093134
2019-10-04,0.867,2.7,12.4,8.26354166666667,0.01966875,0.436354166666667,92.2059344128485,0.872144132189953
2019-10-05,5.495,10.3,15.8,12.2614583333333,0.04865625,0.424895833333333,92.586858593644,0.503030865555422
2019-10-06,5.717,10,15.4,12.2427083333333,0.03296875,0.4028125,95.1964867196832,0.555913218378728
2019-10-07,0.204,5.5,17.2,10.08125,0.0694125,0.464791666666667,89.4758123711846,0.532964826083394
2019-10-08,0.868,4.1,18.4,10.9583333333333,0.056825,0.305416666666667,88.9411746811071,0.665108504484272
2019-10-09,23.078,9.8,14.9,11.8041666666667,0.0131875,0.588854166666667,96.454520971848,0.623936742142446
2019-10-10,1.003,4.6,15.8,10.5,0.05496875,0.738958333333333,90.7341292828151,0.551720642652618
2019-10-11,0.187,1,17.8,7.95208333333333,0.07315,0.310833333333333,89.683980595871,0.709232630049123
2019-10-12,0.136,2.2,20.3,9.9,0.059925,0.303541666666667,90.5802855298476,0.621683400033217
2019-10-13,0.119,5.4,23.4,12.5458333333333,0.0652375,0.303125,89.7966619335058,0.606643063565171
2019-10-14,0.204,6.3,21.3,12.1520833333333,0.06760625,0.333125,89.5890100486418,0.698101702060961
2019-10-15,12.796,7.9,13.3,10.346875,0.0148875,0.446770833333333,97.5425618951287,0.687704342443726
2019-10-16,0.459,3.8,16.5,8.91770833333333,0.06505625,0.341875,91.2576472948048,0.499588645512742
2019-10-17,2.159,4.9,17.1,10.5739583333333,0.04446875,0.284479166666667,91.1490936164063,0.598130533533965
2019-10-18,15.012,10.3,17,12.809375,0.03681875,0.275416666666667,94.9352295933913,0.58797649610331
2019-10-19,27.358,11,14.3,12.21875,0.0246375,0.740416666666667,96.9350524179917,0.538500178069952
2019-10-20,0.068,8.9,13.1,11.4958333333333,0.02260625,0.583854166666667,96.6720546763645,0.521576608019838
2019-10-21,14.789,11.5,14.9,12.7979166666667,0.01400625,0.6128125,97.5410422533954,0.50581204610818
2019-10-22,0.187,11.2,14.5,12.725,0.0163375,0.754375,96.9909706345266,0.521176004450439
2019-10-23,0,9.9,14.9,12.615625,0.03179375,0.663020833333333,92.5671880778728,0.522142214249996
2019-10-24,0.136,8.6,16.6,11.925,0.03724375,0.368020833333333,95.094247181302,0.566610563183896
2019-10-25,0.034,6.3,16.9,10.640625,0.04475,0.428541666666667,92.1137847351425,0.545023057532918
2019-10-26,0.221,5.4,17,9.24791666666667,0.03943125,0.266979166666667,94.4295422554913,0.643167850962842
2019-10-27,0.221,6.7,17.2,10.849,0.038256,0.3323,94.0064629090531,0.559676787304529
2019-10-28,2.363,10.1,14.6,12.1916666666667,0.01778125,0.858333333333333,95.0050672315592,0.559310486107445
2019-10-29,2.669,7.6,10,9.13020833333333,0.018475,1.69645833333333,94.7079551840886,0.559267926237668
2019-10-30,0.476,6.7,8.4,7.50833333333333,0.0135125,1.48302083333333,94.5778399093619,0.501529098460016
2019-10-31,0.204,7,10.5,8.365625,0.01844375,1.00854166666667,95.0261332919283,0.477605474482978
2019-11-01,0.153,8.2,12,10.2333333333333,0.01659375,0.509791666666667,95.9085543648234,0.514109369953927
2019-11-02,0.272,10.2,14.7,12.325,0.02321875,0.713854166666667,96.0813839905963,0.499389204817619
2019-11-03,0.17,7.6,11.3,9.51979166666667,0.0155125,0.710833333333333,98.0283169587977,0.5282598156018
2019-11-04,0.085,7.9,12.4,9.49166666666667,0.01940625,0.9959375,94.747198562931,0.459894124985897
2019-11-05,0.085,4.7,13,8.07291666666667,0.0362375,0.510625,94.4258636208357,0.532495588400731
2019-11-06,0.051,4.7,10.1,6.68645833333333,0.02634375,0.507395833333333,95.7976391922673,0.548994422129291
2019-11-07,0.068,0.5,8.1,4.709375,0.01474375,0.429479166666667,96.3704351844639,0.490282029563031
2019-11-08,0.34,2.5,5.7,4.4875,0.01765625,0.629166666666667,96.2995720613799,0.437245613490197
2019-11-09,0.068,-0.9,7.2,3.26770833333333,0.02914375,0.4753125,95.3563500425896,0.410983583096022
2019-11-10,0.085,-0.3,7.3,2.090625,0.03843125,0.785104166666667,94.9318246588646,0.468977235228973
2019-11-11,1.938,0.7,4,2.32083333333333,0.01415625,0.673854166666667,96.8524547919765,0.505525333224104
2019-11-12,0.17,-1.7,9.5,2.90416666666667,0.04274375,0.524166666666667,91.2780076434922,0.401071126212909
2019-11-13,1.089,-2.4,6.8,1.51354166666667,0.026175,0.424270833333333,94.2315704684377,0.534767004293509
2019-11-14,0.068,-2.8,3.6,0.4375,0.01808125,0.797083333333333,94.4228714827994,0.453881273653635
2019-11-15,2.791,-0.5,6.2,2.14166666666667,0.0290375,0.608125,94.5245032709537,0.406304156614038
2019-11-16,0.068,-1.5,8.8,1.65729166666667,0.0379375,0.5071875,93.9545235052441,0.459747188452123
2019-11-17,4.522,-1.4,3.9,1.99479166666667,0.00930625,0.706458333333333,98.039275869135,0.504639164597863
2019-11-18,3.605,-1.8,7.2,2.39895833333333,0.02326875,0.764895833333333,96.0236526222141,0.373859081262088
2019-11-19,0.153,-3,4.4,0.7875,0.0208125,0.877708333333333,93.7317923299119,0.477394299150303
2019-11-20,0,2.1,5.2,3.46041666666667,0.01715625,0.418958333333333,90.5488456622836,0.418484974325484
2019-11-21,0,2.3,5,3.5,0.0134625,0.555416666666667,91.8570840516514,0.460753262081434
2019-11-22,0,3.3,5.3,4.0625,0.01168125,1.4875,93.5206990250939,0.44830037595451
2019-11-23,0,0.1,7.8,2.60833333333333,0.0223,0.5740625,94.5729074279769,0.448186724076764
2019-11-24,0.068,-0.8,9,2.725,0.02961875,0.540625,95.480050131353,0.479165896574793
2019-11-25,0.085,0.6,8.9,4.01979166666667,0.02565625,0.375833333333333,96.9520367698264,0.474868627539838
2019-11-26,0,2.1,9.1,5.134375,0.0195375,0.345520833333333,96.8457488874701,0.435310920673063
2019-11-27,7.37,3.3,10.4,7.359375,0.01719375,0.778854166666667,94.3162397599595,0.445110182315632
2019-11-28,17.78,6.1,9,7.41875,0.0103875,1.03645833333333,95.6676830330153,0.520177840531057
2019-11-29,10.891,5.3,7.9,6.48958333333333,0.0146125,1.02677083333333,99.0166643743387,0.520895784032376
2019-11-30,0.153,1.6,5.8,4.21145833333333,0.02229375,1.4615625,93.4017855482431,0.406578977743494
2019-12-01,1.938,1.8,3.9,2.946875,0.00966875,0.95,93.9105314544749,0.480787087415705
2019-12-02,0.833,0.2,4.1,2.953125,0.01848125,2.98885416666667,89.9924598194965,0.411018623691806
2019-12-03,0,-3.3,2.9,-0.248958333333333,0.03133125,2.74739583333333,83.6403284393191,0.61618397173504
2019-12-04,0,-2,1.9,0.119791666666667,0.0136125,0.689270833333333,92.1819984577645,0.58699254324897
2019-12-05,0,-0.1,3.2,1.06875,0.01285625,0.5865625,93.9241507235966,0.411420300644485
2019-12-06,0.272,-0.2,6.8,1.96354166666667,0.0239875,0.558854166666667,94.34046532462,0.401594345016406
2019-12-07,0.051,0.7,12.4,6.47916666666667,0.0286875,0.694791666666667,86.0803283924275,0.461942260633831
2019-12-08,0.442,-2.1,10.5,4.17291666666667,0.02803125,0.821770833333333,89.0921565561792,0.581326319133081
2019-12-09,10.498,3.4,8.5,5.28645833333333,0.0100125,1.49354166666667,90.0178118462676,0.57274833473662
2019-12-10,0.085,-3.7,5.4,1.596875,0.034375,0.9703125,84.5237403429153,0.618113580225135
2019-12-11,5.513,-4.5,2.5,-0.758333333333333,0.0074625,0.585104166666667,96.5351712158014,0.613875373043208
2019-12-12,1.462,-1.6,5.6,1.52916666666667,0.030075,0.9303125,92.6651450970427,0.354258251714234
2019-12-13,9.921,-0.3,5,2.07083333333333,0.01543125,1.2028125,92.7067887649836,0.512220749906031
2019-12-14,5.033,2.3,11.2,6.621875,0.03026875,1.4403125,86.3826991215982,0.496486567567696
2019-12-15,0.816,3.4,12.1,8.57291666666667,0.01719375,0.910729166666667,85.9642547778786,0.893820077562308
2019-12-16,0,1,7.4,3.92708333333333,0.01950625,0.394270833333333,95.5849080684287,0.645320667785201
2019-12-17,0.068,-0.3,8,2.60833333333333,0.01828125,0.458958333333333,97.1119113713781,0.438047310209179
2019-12-18,0.119,-0.6,10.2,4,0.0229,0.691979166666667,95.7534841322065,0.416147260409633
2019-12-19,0.238,-0.5,5.1,1.7375,0.01950625,0.5353125,98.4977575540639,0.487697180807159
2019-12-20,11.061,0,8,3.2125,0.0053875,0.809791666666667,99.3614475492905,0.385380711977162
2019-12-21,4.321,0,8.6,4.10104166666667,0.02065,0.5909375,98.2356607987085,0.452926116215396
2019-12-22,18.202,3,6.2,4.71979166666667,0.00758125,1.03854166666667,98.9348410003964,0.421886908454408
2019-12-23,5.458,3.2,6.6,4.64375,0.01411875,1.10427083333333,98.4025213064487,0.40484669044641
2019-12-24,13.99,1.3,7.4,4.07708333333333,0.0096125,1.03802083333333,97.7092626350487,0.409257894707185
2019-12-25,3.604,-0.5,7.5,5.19583333333333,0.0141625,1.13895833333333,93.6632884281994,0.418233274778621
2019-12-26,1.924,-1.6,4.2,1.41041666666667,0.0119875,0.517604166666667,98.2266188486424,0.459925999127374
2019-12-27,13.653,1.9,7,5.16041666666667,0.01518125,0.825625,98.9214872905128,0.387288129082036
2019-12-28,0.068,1,5.9,3.70416666666667,0.02194375,3.03625,91.9373341475248,0.407584404929558
2019-12-29,0,-3.1,1.5,-0.40625,0.02310625,2.01979166666667,89.266342926045,0.545535638086051
2019-12-30,0,-3.8,-0.5,-1.521875,0.0089125,0.603125,96.0827545111015,0.470194250249056
2019-12-31,0,-1.5,0.1,-0.413541666666667,0.01015625,0.779375,98.3763757819832,0.329553760664178
2020-01-01,0,-1.6,-1,-1.32083333333333,0.0067125,0.752708333333333,98.9223559354416,0.330599334882324
2020-01-02,0.17,-1.7,0.9,-0.154166666666667,0.00745,0.607708333333333,98.8645978325335,0.33304235826561
2020-01-03,0,0.5,7.6,3.540625,0.02154375,0.571145833333333,94.0566977482,0.350043826632493
2020-01-04,0.034,0.1,10.6,4.796875,0.03009375,0.746458333333333,86.4407810872734,0.47256522140718
2020-01-05,0.085,-2.7,5.8,0.963541666666667,0.03475,1.64572916666667,85.8843564530161,0.667084458333641
2020-01-06,0.051,-4.5,1.4,-1.15416666666667,0.0128375,0.4753125,96.033395377562,0.602878207351714
2020-01-07,0.085,-2,7,1.13125,0.0344,0.884375,95.124095181739,0.36102901266003
2020-01-08,0.238,-2.7,4.2,0.464583333333333,0.02023125,0.438333333333333,97.0009760935222,0.489975304613393
2020-01-09,0.102,-2.3,9,1.03541666666667,0.034375,0.439270833333333,92.802401819298,0.377676338679296
2020-01-10,2.143,0.3,10.2,5.47916666666667,0.03290625,0.981875,87.651486431588,0.505352985092387
2020-01-11,0,-3.1,7.4,2.98020833333333,0.03755,1.29864583333333,86.8583511604938,0.650962192816078
2020-01-12,0,-4.3,6.6,-0.0927083333333333,0.03843125,0.4025,92.1746807475346,0.586541540183875
2020-01-13,0.068,-4.6,6,-0.925,0.028675,0.381458333333333,92.6202987898603,0.438640765430674
2020-01-14,0.17,-4.2,8.6,-0.213541666666667,0.03479375,0.4940625,92.8841981071458,0.431521573194806
2020-01-15,0.102,-4.5,10.7,1.33020833333333,0.0370125,0.522083333333333,88.6704976656962,0.492065719368083
2020-01-16,0.051,-2.5,11.1,2.01041666666667,0.03794375,0.418854166666667,89.3801186008521,0.549626055644791
2020-01-17,1.292,-5.4,4,-0.508333333333333,0.01285,0.348958333333333,96.2672233089252,0.541764444881024
2020-01-18,2.227,-2.9,7.3,1.740625,0.03494375,0.740208333333333,90.9091887611711,0.364544176707286
2020-01-19,0.187,-4.5,3.5,-0.576041666666667,0.02480625,2.5309375,85.3810794564562,0.526657958749811
2020-01-20,0.102,-0.9,3,0.997916666666667,0.032475,4.60677083333333,78.9876057582347,0.712934185565788
2020-01-21,0.085,-6,3.1,-2.11875,0.03985,0.892395833333333,88.2697881602699,0.959015444072563
2020-01-22,0.102,-6,4.6,-1.996875,0.03986875,1.1025,91.0478355465245,0.444301714803011
2020-01-23,0,-2.8,-1.6,-2.15729166666667,0.00989375,1.9234375,93.7181334539496,0.478718143827343
2020-01-24,0,-2.1,-0.5,-1.34166666666667,0.01499375,0.53,96.8115072967178,0.348910307286595
2020-01-25,0.102,-0.7,1.6,0.153125,0.014575,0.436875,98.8344509278164,0.340101612472935
2020-01-26,1.751,-1.8,2.5,0.223958333333333,0.0183125,0.4371875,98.7657843148164,0.365022151893678
2020-01-27,0.374,2,6.1,3.77708333333333,0.01526875,0.513333333333333,97.3460703014359,0.365567819421995
2020-01-28,13.915,1.2,5.9,4.74166666666667,0.0114625,1.806875,88.0251798345449,0.441336625318687
2020-01-29,7.704,1.5,6,3.740625,0.01444375,1.29541666666667,95.7748290837032,0.64347823151536
2020-01-30,3.536,-1.4,8.4,3.690625,0.03571875,0.725208333333333,94.2211814385587,0.444430745288267
2020-01-31,0.867,4.4,13.6,8.11770833333333,0.0407125,0.666458333333333,94.8501136712062,0.495909607321166
2020-02-01,1.921,1.7,11.1,7.04583333333333,0.01995625,0.876041666666667,94.4630566360854,0.545818489489376
2020-02-02,15.226,8.1,11.6,9.60729166666667,0.0084375,1.08916666666667,93.1361062299844,0.548525431177344
2020-02-03,0.187,11,13.7,12.390625,0.00800625,1.5365625,80.3469061649014,0.576400948229993
2020-02-04,3.843,1.7,13.1,4.87604166666667,0.0244,1.36072916666667,83.1801522900219,0.895634938837271
2020-02-05,0.204,-0.3,6.7,2.99895833333333,0.05043125,1.45197916666667,77.3366798342699,0.911735098352507
2020-02-06,0,-4,7.2,0.420833333333333,0.0515875,1.16114583333333,79.5382007247145,0.880824050605188
2020-02-07,0.068,-6.6,7.9,-1.25208333333333,0.05246875,0.575520833333333,86.4665629374235,0.770112882795005
2020-02-08,0.085,-5.2,9.2,-0.364583333333333,0.0502375,0.428645833333333,88.5124938834555,0.57367514836793
2020-02-09,0.102,-4.5,10.6,3.43958333333333,0.04453125,0.996875,82.7748219693916,0.522720333457881
2020-02-10,2.381,7.7,11.6,9.80729166666667,0.039425,2.15729166666667,76.9198623269526,0.717025970081724
2020-02-11,10.495,3.8,9.4,5.72708333333333,0.0211,1.88166666666667,83.1119269715683,1.07463647993117
2020-02-12,0.357,-1.5,7.6,3.88541666666667,0.0355,1.2184375,76.7712964700872,0.825526918518906
2020-02-13,9.098,-3.9,8,1.9,0.02628125,1.065625,90.2591136512789,0.714544532519759
2020-02-14,1.037,-0.5,12,5.134375,0.04954375,1.11270833333333,87.7159595233809,0.566270530530722
2020-02-15,0.102,-2.3,11.7,2.74479166666667,0.06304375,0.51625,90.4292471078518,0.692714133138992
2020-02-16,0.119,-0.7,15.4,5.54583333333333,0.05189375,0.5584375,86.3955198696065,0.568814559508839
2020-02-17,5.662,4.5,11,7.690625,0.0142125,0.9134375,86.4011271685772,0.710070934366512
2020-02-18,0.085,-0.6,11.1,4.67916666666667,0.069625,0.959270833333333,81.1994444653783,0.651307752845689
2020-02-19,6.551,1.7,7.4,3.99791666666667,0.0409625,1.1615625,86.0699986500208,0.822873497096546
2020-02-20,0.017,-0.5,12.1,4.896875,0.070075,0.614479166666667,83.0833047794342,0.603319407620656
2020-02-21,0.408,-1.5,12.2,5.64270833333333,0.07005625,0.758645833333333,70.8035648514843,0.670139576944045
2020-02-22,0.068,-3.8,14.4,4.034375,0.07225625,0.600520833333333,81.5451568007197,0.912209412198197
2020-02-23,0,4.2,14.8,10.30625,0.03388125,0.8615625,66.6099200585177,0.750972933284049
2020-02-24,0,5,18.6,11.7697916666667,0.075825,0.835208333333333,72.2067274452038,0.999637796923395
2020-02-25,12.56,4,9,5.99479166666667,0.0178875,1.14520833333333,86.657493991545,1.0578185968429
2020-02-26,4.949,0,5.4,1.975,0.034325,1.43135416666667,87.5671438019385,0.707911321542594
2020-02-27,9.172,-2,5.1,1.19583333333333,0.01125,0.972604166666667,92.5435779837382,0.572150799320864
2020-02-28,0,-1.9,9.2,3.77604166666667,0.0744375,0.751354166666667,74.9379700091138,0.543765936613481
2020-02-29,11.325,1.2,12.8,6.52291666666667,0.0459875,0.956770833333333,85.3380050766233,0.74404910384912
2020-03-01,7.318,3.6,13.5,7.20208333333333,0.08074375,1.20989583333333,86.7506941365167,0.751613451323111
2020-03-02,8.706,-0.8,5.9,3.140625,0.0209625,1.07739583333333,91.5925449312839,0.891584794507882
2020-03-03,0.272,1.2,10,4.16875,0.0762875,0.976666666666667,81.3840836668149,0.51136463387049
2020-03-04,0.017,-0.7,11.1,4.54270833333333,0.08625625,0.5715625,78.8799235075582,0.779658659929472
2020-03-05,33.529,4,6.8,5.515625,0.01375,0.884166666666667,93.4902840498458,0.715200859995955
2020-03-06,0.34,3.6,7.8,5.33125,0.0341,1.48625,79.5164609294513,0.558292028175952
2020-03-07,0.493,-2.3,9.6,3.48854166666667,0.08289375,0.898645833333333,77.1931309207422,0.72630283173314
2020-03-08,0.119,-3.8,11.4,2.86979166666667,0.08650625,0.4878125,82.3340722599768,0.802808451963603
2020-03-09,5.139,2.2,10.4,5.49270833333333,0.07150625,0.899375,87.7237245065251,0.663652017232887
2020-03-10,4.386,1.6,6.4,4.39166666666667,0.02478125,1.0396875,92.9911516458881,0.666866368647895
2020-03-11,0.068,3.2,17.2,9.84479166666667,0.06785625,0.719270833333333,87.0238193301679,0.473225626235627
2020-03-12,0.085,1.3,15.6,9.459375,0.0533375,0.887083333333333,82.2515656439997,0.723916538685915
2020-03-13,0,0.3,13,8.16041666666667,0.0773875,0.966458333333333,66.8274580634769,0.797713964416644
2020-03-14,0,0.3,12.1,4.68333333333333,0.0672875,0.823020833333333,76.3530932041743,1.07015984266166
2020-03-15,0.085,-3.2,15.5,5.02291666666667,0.10665,0.550208333333333,81.7555592092407,0.848449612366581
2020-03-16,0.102,-1.4,17.5,6.83125,0.1043875,0.4859375,77.5867110790916,0.77102052017193
2020-03-17,0.017,0.4,17.1,8.43333333333333,0.08986875,0.749166666666667,77.8694699683202,0.931147184242304
2020-03-18,0.017,1.3,19.8,9.39479166666667,0.10709375,0.8346875,77.5476210592791,0.971520322335728
2020-03-19,0.034,0.8,20,9.53958333333333,0.1065625,0.420208333333333,80.2154725911472,1.18555496647675
2020-03-20,26.167,1.8,20.3,9.525,0.11249375,0.652395833333333,85.1941937407925,0.828518313280016
2020-03-21,0.153,3,13.8,7.06041666666667,0.09554375,2.88729166666667,88.5085227667667,0.973159233102861
2020-03-22,0,1.6,5.4,3.765625,0.0340625,5.3053125,78.0193423240335,1.04821772472269
2020-03-23,0,-1.8,7.7,2.38333333333333,0.12075,5.126875,60.4377733608746,1.20970856947434
2020-03-24,0,-2.8,7.9,2.18958333333333,0.12655625,4.70875,51.070295927624,2.06349017345109
2020-03-25,0,-2.4,7.9,2.74583333333333,0.12366875,4.19770833333333,55.0640088719507,2.21932885172967
2020-03-26,0,-2.7,8.8,2.721875,0.12094375,3.57875,60.19101873474,1.98877957164645
2020-03-27,0,-4.6,13.1,3.96875,0.11595,0.9471875,71.8663008960601,1.81991116036523
2020-03-28,0.017,-2.4,16.8,7.04583333333333,0.12044375,1.030625,72.9337610106807,0.966707773070703
2020-03-29,0.357,2,10.4,5.93068181818182,0.0872318181818182,2.99465909090909,75.6059326133477,1.21451100621969
2020-03-30,0.204,-1,3.2,2.02604166666667,0.04578125,5.91989583333333,75.6881737345277,1.30717670254595
2020-03-31,0,-1,9,3.459375,0.1399375,4.75291666666667,53.2945360973389,1.09599540362863
2020-04-01,0,-5.1,12.3,3.69583333333333,0.13756875,1.325,60.9525505084947,2.35786947374453
2020-04-02,0.034,-4.6,16.8,5.05104166666667,0.13648125,0.749895833333333,65.4653020769793,1.19570083378747
2020-04-03,0,-2.9,14.2,5.928125,0.13808125,1.45427083333333,63.1274975415058,1.16587767910393
2020-04-04,0.017,-2.2,16.2,7.10520833333333,0.1395125,1.49114583333333,65.2475927165911,1.40565126822529
2020-04-05,0.034,-1.9,19.9,8.56458333333333,0.14226875,0.870833333333333,65.2061828069474,1.54350901586441
2020-04-06,0.034,-0.8,21.8,9.88958333333333,0.14283125,0.4940625,64.1322220779602,1.46337276588838
2020-04-07,0,-0.2,21.7,10.5364583333333,0.1414875,1.23729166666667,64.7636168123177,1.19959567682639
2020-04-08,0.017,1.2,22.1,11.578125,0.14101875,0.598541666666667,66.2872927514083,1.83320555301669
2020-04-09,0,2.2,22,11.7583333333333,0.13636875,0.990729166666667,64.5730488858704,1.26482468915151
2020-04-10,0.017,2,23.6,12.1791666666667,0.1443,0.836875,63.5870314099374,1.66502994195633
2020-04-11,0.017,1.9,24.2,12.50625,0.144425,0.606354166666667,63.982611777487,1.60821015877014
2020-04-12,0.017,2.3,24.6,12.7885416666667,0.14549375,0.6271875,64.3778627354927,1.43629887350125
2020-04-13,0,3.8,20.9,13.625,0.13421875,1.34375,61.9981844199212,1.46362362664487
2020-04-14,0,4.4,14,9.25729166666667,0.15491875,4.79145833333333,50.9596732841776,1.88679698921577
2020-04-15,0,-1.1,19.7,9.3125,0.1513625,1.73302083333333,53.5136266649761,3.42924060605224
2020-04-16,0.017,0.4,24.2,11.821875,0.1470875,0.496666666666667,66.6487951391208,1.86420767002359
2020-04-17,0,3.8,24.6,13.61875,0.1364875,0.3853125,67.5674222521472,1.21971818972632
2020-04-18,0.017,4,25.8,14.1270833333333,0.1342375,0.4121875,71.2807217010437,1.03651004539127
2020-04-19,0.221,6.6,20.9,14.1760416666667,0.09901875,1.4425,73.8100352714707,1.04098262793964
2020-04-20,0,12.2,18.3,14.7239583333333,0.124425,3.55052083333333,67.2919461927949,1.5992355449685
2020-04-21,0,6.8,14.9,11.825,0.0884125,2.48697916666667,66.7167170579186,2.22775831402899
2020-04-22,0.068,2.9,22.1,12.646875,0.1563875,1.26979166666667,65.6185845868415,1.31802128016985
2020-04-23,0,2.5,23.3,13.1583333333333,0.1568375,0.76125,62.054920185926,1.8313367761208
2020-04-24,0,2.9,24,13.9125,0.149125,0.486666666666667,64.5975251212427,1.44694270391609
2020-04-25,0.612,10,21.5,15.3104166666667,0.08785625,0.4065625,71.7932244266784,1.13968528554812
2020-04-26,3.522,9,21,13.3052083333333,0.102625,0.545208333333333,83.1449643301345,0.881142430337768
2020-04-27,0.901,8.9,22.6,14.1822916666667,0.1220625,0.311145833333333,82.7003355174351,0.897345432117673
2020-04-28,16.573,9.7,16.1,12.3947916666667,0.06648125,0.2728125,91.6937682213816,0.888535562650701
2020-04-29,7.18,6.9,17.1,11.1260416666667,0.11585625,0.361458333333333,88.2701006560737,0.59020039032894
2020-04-30,12.35,6.9,10.8,8.91145833333333,0.0390625,0.303854166666667,97.0177431233136,0.63832382757602
2020-05-01,6.395,7.4,11.5,9.48333333333333,0.04920625,0.5153125,94.8709242684681,0.557508159527754
2020-05-02,8.662,7.8,15.7,10.3427083333333,0.078025,0.5909375,93.1338077596618,0.568273422799312
2020-05-03,0.221,2.6,17.6,10.278125,0.1227875,0.395104166666667,88.6867093769504,0.617978265974851
2020-05-04,0.051,9.3,23.7,15.90625,0.1638,0.4271875,81.2807920978036,0.63036827936094
2020-05-05,2.45,10.6,14.7,12.459375,0.02715,0.76625,93.420664301707,0.874699026198598
2020-05-06,0.476,5.8,16.5,11.5947916666667,0.11421875,1.45864583333333,83.259481415063,0.570071290247703
2020-05-07,0.459,3,22.8,12.3427083333333,0.17381875,0.517291666666667,75.6084529823632,1.14493811377415
2020-05-08,1.326,6.5,25.9,15.9010416666667,0.1557625,0.354479166666667,78.1864847783293,1.04077241951243
2020-05-09,1.054,9.2,27,18.0229166666667,0.16759375,0.404375,72.1388548762751,0.900500458788959
2020-05-10,0.374,13.1,26,18.3458333333333,0.1511875,0.479166666666667,77.8494863739352,1.07161311186631
2020-05-11,1.887,4.6,16.4,12.59375,0.047325,0.936901408450704,92.3303377910979,1.00021329010275
2020-05-12,0.646,3.9,12.6,7.07083333333333,0.12868125,1.94635416666667,83.4463993640127,0.720330985583857
2020-05-13,0.221,4.8,11.7,8.35729166666667,0.042875,0.809166666666667,94.9351249165,0.962524685538207
2020-05-14,0.238,8.1,13.1,10.0510416666667,0.0995125,2.10947916666667,90.5935329695799,0.604048014442171
2020-05-15,0.119,7.2,13.6,10.6354166666667,0.05210625,1.64208333333333,84.0925328955559,0.792214327429352
2020-05-16,0.085,4.5,18.3,11.33125,0.15215,1.16864583333333,79.1806213674144,0.823658978961938
2020-05-17,0.051,5.1,21.1,13.725,0.17683125,1.155625,72.3684213589639,1.10086047511995
2020-05-18,0.051,5.7,23.8,15.4916666666667,0.1761875,0.952395833333333,68.6309176333086,1.37620692357075
2020-05-19,0.034,7.9,24.1,17.0635416666667,0.171575,1.2646875,67.8593659002005,1.49471834916355
2020-05-20,0,9.6,24,18.0895833333333,0.17719375,1.334375,65.5327942101254,1.54686217094598
2020-05-21,0,9.2,26,18.4947916666667,0.18011875,0.905625,64.9441977386161,1.65546019278707
2020-05-22,0,8.5,26.8,17.965625,0.14115,0.534479166666667,76.3281019252173,1.51189024937491
2020-05-23,0.476,6.6,24,14.0791666666667,0.053425,0.538854166666667,87.5223816315518,1.04028979931881
2020-05-24,0.306,4.4,19.8,12.1197916666667,0.15990625,0.561979166666667,77.2695584175933,0.786416674099702
2020-05-25,0.034,6.5,21,14.3229166666667,0.1791625,1.286875,70.6379908740842,0.972455902134605
2020-05-26,0,6.7,21.6,15.7270833333333,0.179275,1.60197916666667,64.3234840528667,1.39701763024188
2020-05-27,0,6.8,22.1,15.9427083333333,0.18805625,1.46270833333333,58.2944274906736,1.88458651754634
2020-05-28,0,5.8,23.4,15.7364583333333,0.17925625,1.1871875,66.2786574614038,1.88410878356013
2020-05-29,0,9.8,20.4,15.646875,0.1903375,2.43083333333333,54.0130086265206,1.73399098039114
2020-05-30,0,6.8,20.7,14.9322916666667,0.17993125,1.61260416666667,60.5520046070428,2.40893287523456
2020-05-31,0,5.6,22.2,15.06875,0.18708125,1.4003125,60.7399734412455,1.92292913529418
2020-06-01,0,5.9,24.9,16.665625,0.185375,0.97375,62.1022493008649,1.80211519030575
2020-06-02,0,7.1,26.1,17.8208333333333,0.186125,0.864791666666667,63.6362378821593,1.56409309842306
2020-06-03,0.17,7.1,28,16.7572916666667,0.14555,0.600833333333333,72.851360129959,1.61109656892999
2020-06-04,0.102,11.4,18,14.3541666666667,0.06266875,0.38125,93.0879492578055,1.34303900444398
2020-06-05,0.034,10.3,16.6,12.428125,0.07666875,0.439895833333333,90.7742125481572,0.586709765605701
2020-06-06,0.017,12.4,21.6,15.7020833333333,0.101625,0.4728125,82.5470192962678,0.613818152195557
2020-06-07,0.017,10.2,14.8,11.9822916666667,0.06315625,0.772315789473684,93.7244026095543,0.777396102925657
2020-06-08,0.017,9.6,18.8,13.30625,0.10793125,0.997916666666667,84.1410074871877,0.619063556643128
2020-06-09,0.017,10,14.8,12.4322916666667,0.052225,0.886458333333333,90.0107569557163,0.933546565457937
2020-06-10,0,10.5,18.3,14.0666666666667,0.0920375,0.829270833333333,86.3576749266174,0.622461459006725
2020-06-11,0.017,11.6,21.6,15.8697916666667,0.11993125,0.995208333333333,82.6630224422463,0.806108203779197
2020-06-12,0.017,9.8,27.7,17.921875,0.17759375,0.985104166666667,83.2183921718438,1.05839235748261
2020-06-13,0.051,11.5,23.5,15.63125,0.11765,1.02541666666667,87.1898890028018,1.24673950714206
2020-06-14,0,12,19.9,14.271875,0.0499875,0.264791666666667,93.8303502000981,1.11366364171899
2020-06-15,0.017,12.6,19.8,15.959375,0.07098125,0.363854166666667,88.8050989456204,0.569544165216198
2020-06-16,0.017,11.7,22.8,17.5708333333333,0.1320125,0.995729166666667,80.1377038893562,0.622450158314233
2020-06-17,0,11.5,16.9,14.35625,0.0680625,0.459375,94.7855232706249,1.04460425567528
2020-06-18,0.068,8.2,23.2,15.2583333333333,0.15394375,0.7359375,84.6108234764146,0.597515445487012
2020-06-19,0,10.5,18.1,13.3010416666667,0.08926875,0.569479166666667,93.8718283205439,1.0494449363456
2020-06-20,0,8,23.2,15.5333333333333,0.1659875,1.10947916666667,79.8625599148586,0.61954746929672
2020-06-21,0,10.4,27.1,19.025,0.167125,1.039375,74.5267321839876,1.2952051086028
2020-06-22,0,13.6,25.4,19.3822916666667,0.15859375,1.80125,75.6270906092965,1.43806692322796
2020-06-23,0,11.4,27.3,20.25,0.18621875,2.44916666666667,69.1884133952592,1.70977667122537
2020-06-24,0,12.3,28.1,21.284375,0.1838875,2.05791666666667,65.27773217023,2.5955935443505
2020-06-25,0,11.9,28.6,20.3677083333333,0.15599375,1.899375,75.5139265191913,2.62278130491107
2020-06-26,0,14,30.1,21.153125,0.128375,1.6071875,79.5928104735629,2.16147370206715
2020-06-27,0.034,14.3,30.1,21.5052083333333,0.1614,1.72052083333333,77.3086674082949,1.65087174318436
2020-06-28,0,15.5,26.7,20.0010416666667,0.11799375,1.81760416666667,85.2927170602108,2.05193889472272
2020-06-29,0.34,12.1,24.7,18.259375,0.1456625,1.42875,83.4278001757699,1.39223831452108
2020-06-30,0.323,10.1,27.4,19.3583333333333,0.17981875,1.9646875,75.4147410926091,1.50779823585567
2020-07-01,0.646,13.2,30.1,22.0385416666667,0.161425,2.51010416666667,76.6060429255374,1.92552721638543
2020-07-02,1.02,15,25.9,20.5208333333333,0.14621875,2.58197916666667,77.0856650948215,2.22178548340859
2020-07-03,0.017,12.4,21.6,17.946875,0.09565,2.33854166666667,72.3087598264598,1.78929945872578
2020-07-04,0,9.7,26.8,18.4333333333333,0.17861875,2.26802083333333,75.448126497656,1.65704615356603
2020-07-05,0,11.1,29.8,20.9333333333333,0.1770625,2.65270833333333,75.658987853295,2.2056574151765
2020-07-06,0,12.9,23.8,18.4510416666667,0.12659375,2.9134375,71.3987948241355,2.31470623286254
2020-07-07,0,7.5,24.1,16.7572916666667,0.1841125,2.74083333333333,64.8351765975693,2.42236197220912
2020-07-08,0,7.9,29.3,19.015625,0.177975,2.58572916666667,68.4830866914205,2.63080202644534
2020-07-09,0,10.4,32,21.4770833333333,0.1756375,2.94625,69.4689704229667,3.06028365609027
2020-07-10,0,12.2,30.9,21.88125,0.16645625,3.30802083333333,70.7185361207787,3.74433060889383
2020-07-11,0.034,12.1,23.4,18.5072916666667,0.13776875,2.93625,79.7431039806779,3.19050526536255
2020-07-12,0,10.4,24.5,17.65625,0.1825875,3.46020833333333,67.3057049757553,2.14495117927592
2020-07-13,0,9,26.4,18.4270833333333,0.17436875,2.98291666666667,66.408795211018,3.09752293100786
2020-07-14,0,8.8,28.1,19.0729166666667,0.1610375,2.91177083333333,67.3808554202979,2.90485391786276
2020-07-15,0,13,18.7,14.7641025641026,0.0152307692307692,2.30846153846154,89.7627068863483,3.20939805332065
